survey_id,country,area,ecoregion,realm,location,site_code,site_name,latitude,longitude,survey_date,depth,geom,program,visibility,hour,survey_latitude,survey_longitude,diver,method,block,phylum,class,order,family,recorded_species_name,species_name,taxon,reporting_name,size_class,total,biomass
923401390,Canada,Newfoundland and Labrador,Northern Grand Banks - Southern Labrador,Arctic,Newfoundland,NFLD2,Tappers Cove,47.66498,-52.72689,3/10/2022,6,0101000020E61000000DE544BB0A5D4AC03E3F8C101ED54740,RLS,5,12:10:00,47.66498,-52.72689,Jasmin Schuster,1,1,Chordata,Actinopterygii,Gadiformes,Gadidae,Gadus morhua,Gadus morhua,Gadus morhua,Gadus morhua,2.5,1,0.21355831
923401390,Canada,Newfoundland and Labrador,Northern Grand Banks - Southern Labrador,Arctic,Newfoundland,NFLD2,Tappers Cove,47.66498,-52.72689,3/10/2022,6,0101000020E61000000DE544BB0A5D4AC03E3F8C101ED54740,RLS,5,12:10:00,47.66498,-52.72689,Jasmin Schuster,1,2,Chordata,Actinopterygii,Gadiformes,Gadidae,Gadus morhua,Gadus morhua,Gadus morhua,Gadus morhua,5,22,39.5370565
923401390,Canada,Newfoundland and Labrador,Northern Grand Banks - Southern Labrador,Arctic,Newfoundland,NFLD2,Tappers Cove,47.66498,-52.72689,3/10/2022,6,0101000020E61000000DE544BB0A5D4AC03E3F8C101ED54740,RLS,5,12:10:00,47.66498,-52.72689,Jasmin Schuster,1,2,Chordata,Actinopterygii,Gadiformes,Gadidae,Gadus morhua,Gadus morhua,Gadus morhua,Gadus morhua,2.5,25,5.338957756
923401390,Canada,Newfoundland and Labrador,Northern Grand Banks - Southern Labrador,Arctic,Newfoundland,NFLD2,Tappers Cove,47.66498,-52.72689,3/10/2022,6,0101000020E61000000DE544BB0A5D4AC03E3F8C101ED54740,RLS,5,12:10:00,47.66498,-52.72689,Jasmin Schuster,1,2,Chordata,Actinopterygii,Scorpaeniformes,Cottidae,Myoxocephalus aenaeus,Myoxocephalus aenaeus,Myoxocephalus aenaeus,Myoxocephalus aenaeus,5,1,
923401390,Canada,Newfoundland and Labrador,Northern Grand Banks - Southern Labrador,Arctic,Newfoundland,NFLD2,Tappers Cove,47.66498,-52.72689,3/10/2022,6,0101000020E61000000DE544BB0A5D4AC03E3F8C101ED54740,RLS,5,12:10:00,47.66498,-52.72689,Jasmin Schuster,1,2,Chordata,Actinopterygii,Perciformes,Labridae,Tautogolabrus adspersus,Tautogolabrus adspersus,Tautogolabrus adspersus,Tautogolabrus adspersus,5,5,12.97362461
923401390,Canada,Newfoundland and Labrador,Northern Grand Banks - Southern Labrador,Arctic,Newfoundland,NFLD2,Tappers Cove,47.66498,-52.72689,3/10/2022,6,0101000020E61000000DE544BB0A5D4AC03E3F8C101ED54740,RLS,5,12:10:00,47.66498,-52.72689,Jasmin Schuster,1,2,Chordata,Actinopterygii,Perciformes,Labridae,Tautogolabrus adspersus,Tautogolabrus adspersus,Tautogolabrus adspersus,Tautogolabrus adspersus,2.5,2,0.676696861
923401389,Canada,Newfoundland and Labrador,Northern Grand Banks - Southern Labrador,Arctic,Newfoundland,NFLD12,Biscayan Cove,47.803726,-52.787438,5/10/2022,8,0101000020E610000057D0B4C4CA644AC0F2785A7EE0E64740,RLS,5,12:50:00,47.80372,-52.78743,Jasmin Schuster,1,1,Chordata,Actinopterygii,Perciformes,Labridae,Tautogolabrus adspersus,Tautogolabrus adspersus,Tautogolabrus adspersus,Tautogolabrus adspersus,2.5,3,1.015045291
923401389,Canada,Newfoundland and Labrador,Northern Grand Banks - Southern Labrador,Arctic,Newfoundland,NFLD12,Biscayan Cove,47.803726,-52.787438,5/10/2022,8,0101000020E610000057D0B4C4CA644AC0F2785A7EE0E64740,RLS,5,12:50:00,47.80372,-52.78743,Jasmin Schuster,1,1,Chordata,Actinopterygii,Perciformes,Stichaeidae,Ulvaria subbifurcata,Ulvaria subbifurcata,Ulvaria subbifurcata,Ulvaria subbifurcata,7.5,1,
923401389,Canada,Newfoundland and Labrador,Northern Grand Banks - Southern Labrador,Arctic,Newfoundland,NFLD12,Biscayan Cove,47.803726,-52.787438,5/10/2022,8,0101000020E610000057D0B4C4CA644AC0F2785A7EE0E64740,RLS,5,12:50:00,47.80372,-52.78743,Valesca De Groot,1,2,Chordata,Actinopterygii,Perciformes,Stichaeidae,Ulvaria subbifurcata,Ulvaria subbifurcata,Ulvaria subbifurcata,Ulvaria subbifurcata,7.5,1,
923401388,Canada,Newfoundland and Labrador,Northern Grand Banks - Southern Labrador,Arctic,Newfoundland,NFLD1,Middle Cove,47.65214,-52.69617,6/10/2022,5.5,0101000020E6100000683A3B191C594AC0EC34D25279D34740,RLS,4,10:20:00,47.65214,-52.69617,Jasmin Schuster,1,1,,,,,No species found,No species found,,,0,1,
923401388,Canada,Newfoundland and Labrador,Northern Grand Banks - Southern Labrador,Arctic,Newfoundland,NFLD1,Middle Cove,47.65214,-52.69617,6/10/2022,5.5,0101000020E6100000683A3B191C594AC0EC34D25279D34740,RLS,4,10:20:00,47.65214,-52.69617,Valesca De Groot,1,2,Chordata,Actinopterygii,Perciformes,Stichaeidae,Ulvaria subbifurcata,Ulvaria subbifurcata,Ulvaria subbifurcata,Ulvaria subbifurcata,5,1,
923401387,Canada,Newfoundland and Labrador,Northern Grand Banks - Southern Labrador,Arctic,Newfoundland,NFLD4,Portugal Cove,47.62729,-52.85769,4/10/2022,6.5,0101000020E61000009A0D32C9C86D4AC0CE8DE9094BD04740,RLS,4,12:50:00,47.62729,-52.85769,Jasmin Schuster,1,1,Chordata,Actinopterygii,Perciformes,Labridae,Tautogolabrus adspersus,Tautogolabrus adspersus,Tautogolabrus adspersus,Tautogolabrus adspersus,5,8,20.75779938
923401387,Canada,Newfoundland and Labrador,Northern Grand Banks - Southern Labrador,Arctic,Newfoundland,NFLD4,Portugal Cove,47.62729,-52.85769,4/10/2022,6.5,0101000020E61000009A0D32C9C86D4AC0CE8DE9094BD04740,RLS,4,12:50:00,47.62729,-52.85769,Jasmin Schuster,1,1,Chordata,Actinopterygii,Perciformes,Labridae,Tautogolabrus adspersus,Tautogolabrus adspersus,Tautogolabrus adspersus,Tautogolabrus adspersus,7.5,5,42.71629115
923401387,Canada,Newfoundland and Labrador,Northern Grand Banks - Southern Labrador,Arctic,Newfoundland,NFLD4,Portugal Cove,47.62729,-52.85769,4/10/2022,6.5,0101000020E61000009A0D32C9C86D4AC0CE8DE9094BD04740,RLS,4,12:50:00,47.62729,-52.85769,Jasmin Schuster,1,1,Chordata,Actinopterygii,Perciformes,Labridae,Tautogolabrus adspersus,Tautogolabrus adspersus,Tautogolabrus adspersus,Tautogolabrus adspersus,2.5,48,16.24072465
923401387,Canada,Newfoundland and Labrador,Northern Grand Banks - Southern Labrador,Arctic,Newfoundland,NFLD4,Portugal Cove,47.62729,-52.85769,4/10/2022,6.5,0101000020E61000009A0D32C9C86D4AC0CE8DE9094BD04740,RLS,4,12:50:00,47.62729,-52.85769,Valesca De Groot,1,2,Chordata,Actinopterygii,Perciformes,Labridae,Tautogolabrus adspersus,Tautogolabrus adspersus,Tautogolabrus adspersus,Tautogolabrus adspersus,7.5,16,136.6921317
923401387,Canada,Newfoundland and Labrador,Northern Grand Banks - Southern Labrador,Arctic,Newfoundland,NFLD4,Portugal Cove,47.62729,-52.85769,4/10/2022,6.5,0101000020E61000009A0D32C9C86D4AC0CE8DE9094BD04740,RLS,4,12:50:00,47.62729,-52.85769,Valesca De Groot,1,2,Chordata,Actinopterygii,Perciformes,Labridae,Tautogolabrus adspersus,Tautogolabrus adspersus,Tautogolabrus adspersus,Tautogolabrus adspersus,5,22,57.08394829
923401387,Canada,Newfoundland and Labrador,Northern Grand Banks - Southern Labrador,Arctic,Newfoundland,NFLD4,Portugal Cove,47.62729,-52.85769,4/10/2022,6.5,0101000020E61000009A0D32C9C86D4AC0CE8DE9094BD04740,RLS,4,12:50:00,47.62729,-52.85769,Valesca De Groot,1,2,Chordata,Actinopterygii,Perciformes,Labridae,Tautogolabrus adspersus,Tautogolabrus adspersus,Tautogolabrus adspersus,Tautogolabrus adspersus,2.5,8,2.706787442
923401387,Canada,Newfoundland and Labrador,Northern Grand Banks - Southern Labrador,Arctic,Newfoundland,NFLD4,Portugal Cove,47.62729,-52.85769,4/10/2022,6.5,0101000020E61000009A0D32C9C86D4AC0CE8DE9094BD04740,RLS,4,12:50:00,47.62729,-52.85769,Valesca De Groot,1,2,Chordata,Actinopterygii,Perciformes,Labridae,Tautogolabrus adspersus,Tautogolabrus adspersus,Tautogolabrus adspersus,Tautogolabrus adspersus,12.5,2,76.67733399
923401387,Canada,Newfoundland and Labrador,Northern Grand Banks - Southern Labrador,Arctic,Newfoundland,NFLD4,Portugal Cove,47.62729,-52.85769,4/10/2022,6.5,0101000020E61000009A0D32C9C86D4AC0CE8DE9094BD04740,RLS,4,12:50:00,47.62729,-52.85769,Valesca De Groot,1,2,Chordata,Actinopterygii,Perciformes,Labridae,Tautogolabrus adspersus,Tautogolabrus adspersus,Tautogolabrus adspersus,Tautogolabrus adspersus,10,4,79.59365931
923401386,Canada,Newfoundland and Labrador,Northern Grand Banks - Southern Labrador,Arctic,Newfoundland,NFLD4,Portugal Cove,47.62729,-52.85769,4/10/2022,8.5,0101000020E61000009A0D32C9C86D4AC0CE8DE9094BD04740,RLS,3,10:50:00,47.62729,-52.85769,Jasmin Schuster,1,1,Chordata,Actinopterygii,Perciformes,Labridae,Tautogolabrus adspersus,Tautogolabrus adspersus,Tautogolabrus adspersus,Tautogolabrus adspersus,12.5,2,76.67733399
923401386,Canada,Newfoundland and Labrador,Northern Grand Banks - Southern Labrador,Arctic,Newfoundland,NFLD4,Portugal Cove,47.62729,-52.85769,4/10/2022,8.5,0101000020E61000009A0D32C9C86D4AC0CE8DE9094BD04740,RLS,3,10:50:00,47.62729,-52.85769,Jasmin Schuster,1,1,Chordata,Actinopterygii,Perciformes,Labridae,Tautogolabrus adspersus,Tautogolabrus adspersus,Tautogolabrus adspersus,Tautogolabrus adspersus,10,2,39.79682966
923401386,Canada,Newfoundland and Labrador,Northern Grand Banks - Southern Labrador,Arctic,Newfoundland,NFLD4,Portugal Cove,47.62729,-52.85769,4/10/2022,8.5,0101000020E61000009A0D32C9C86D4AC0CE8DE9094BD04740,RLS,3,10:50:00,47.62729,-52.85769,Jasmin Schuster,1,1,Chordata,Actinopterygii,Perciformes,Labridae,Tautogolabrus adspersus,Tautogolabrus adspersus,Tautogolabrus adspersus,Tautogolabrus adspersus,7.5,1,8.54325823
923401386,Canada,Newfoundland and Labrador,Northern Grand Banks - Southern Labrador,Arctic,Newfoundland,NFLD4,Portugal Cove,47.62729,-52.85769,4/10/2022,8.5,0101000020E61000009A0D32C9C86D4AC0CE8DE9094BD04740,RLS,3,10:50:00,47.62729,-52.85769,Jasmin Schuster,1,1,Chordata,Actinopterygii,Perciformes,Labridae,Tautogolabrus adspersus,Tautogolabrus adspersus,Tautogolabrus adspersus,Tautogolabrus adspersus,5,1,2.594724922
923401386,Canada,Newfoundland and Labrador,Northern Grand Banks - Southern Labrador,Arctic,Newfoundland,NFLD4,Portugal Cove,47.62729,-52.85769,4/10/2022,8.5,0101000020E61000009A0D32C9C86D4AC0CE8DE9094BD04740,RLS,3,10:50:00,47.62729,-52.85769,Jasmin Schuster,1,1,Chordata,Actinopterygii,Perciformes,Labridae,Tautogolabrus adspersus,Tautogolabrus adspersus,Tautogolabrus adspersus,Tautogolabrus adspersus,2.5,3,1.015045291
923401386,Canada,Newfoundland and Labrador,Northern Grand Banks - Southern Labrador,Arctic,Newfoundland,NFLD4,Portugal Cove,47.62729,-52.85769,4/10/2022,8.5,0101000020E61000009A0D32C9C86D4AC0CE8DE9094BD04740,RLS,3,10:50:00,47.62729,-52.85769,Jasmin Schuster,1,2,Chordata,Actinopterygii,Perciformes,Labridae,Tautogolabrus adspersus,Tautogolabrus adspersus,Tautogolabrus adspersus,Tautogolabrus adspersus,2.5,3,1.015045291
923401386,Canada,Newfoundland and Labrador,Northern Grand Banks - Southern Labrador,Arctic,Newfoundland,NFLD4,Portugal Cove,47.62729,-52.85769,4/10/2022,8.5,0101000020E61000009A0D32C9C86D4AC0CE8DE9094BD04740,RLS,3,10:50:00,47.62729,-52.85769,Jasmin Schuster,1,2,Chordata,Actinopterygii,Perciformes,Labridae,Tautogolabrus adspersus,Tautogolabrus adspersus,Tautogolabrus adspersus,Tautogolabrus adspersus,12.5,1,38.33866699
923401386,Canada,Newfoundland and Labrador,Northern Grand Banks - Southern Labrador,Arctic,Newfoundland,NFLD4,Portugal Cove,47.62729,-52.85769,4/10/2022,8.5,0101000020E61000009A0D32C9C86D4AC0CE8DE9094BD04740,RLS,3,10:50:00,47.62729,-52.85769,Jasmin Schuster,1,2,Chordata,Actinopterygii,Perciformes,Labridae,Tautogolabrus adspersus,Tautogolabrus adspersus,Tautogolabrus adspersus,Tautogolabrus adspersus,10,1,19.89841483
923401386,Canada,Newfoundland and Labrador,Northern Grand Banks - Southern Labrador,Arctic,Newfoundland,NFLD4,Portugal Cove,47.62729,-52.85769,4/10/2022,8.5,0101000020E61000009A0D32C9C86D4AC0CE8DE9094BD04740,RLS,3,10:50:00,47.62729,-52.85769,Jasmin Schuster,1,2,Chordata,Actinopterygii,Perciformes,Labridae,Tautogolabrus adspersus,Tautogolabrus adspersus,Tautogolabrus adspersus,Tautogolabrus adspersus,7.5,5,42.71629115
923401386,Canada,Newfoundland and Labrador,Northern Grand Banks - Southern Labrador,Arctic,Newfoundland,NFLD4,Portugal Cove,47.62729,-52.85769,4/10/2022,8.5,0101000020E61000009A0D32C9C86D4AC0CE8DE9094BD04740,RLS,3,10:50:00,47.62729,-52.85769,Jasmin Schuster,1,2,Chordata,Actinopterygii,Perciformes,Labridae,Tautogolabrus adspersus,Tautogolabrus adspersus,Tautogolabrus adspersus,Tautogolabrus adspersus,5,8,20.75779938
923401385,Canada,Newfoundland and Labrador,Northern Grand Banks - Southern Labrador,Arctic,Newfoundland,NFLD13,Bauline,47.722559,-52.835218,5/10/2022,9,0101000020E6100000E983656CE86A4AC01A3735D07CDC4740,RLS,5,10:20:00,47.72255,-52.83521,Jasmin Schuster,1,1,Chordata,Actinopterygii,Perciformes,Labridae,Tautogolabrus adspersus,Tautogolabrus adspersus,Tautogolabrus adspersus,Tautogolabrus adspersus,2.5,3,1.015045291
923401385,Canada,Newfoundland and Labrador,Northern Grand Banks - Southern Labrador,Arctic,Newfoundland,NFLD13,Bauline,47.722559,-52.835218,5/10/2022,9,0101000020E6100000E983656CE86A4AC01A3735D07CDC4740,RLS,5,10:20:00,47.72255,-52.83521,Jasmin Schuster,1,1,Chordata,Actinopterygii,Perciformes,Labridae,Tautogolabrus adspersus,Tautogolabrus adspersus,Tautogolabrus adspersus,Tautogolabrus adspersus,20,1,139.8826497
923401385,Canada,Newfoundland and Labrador,Northern Grand Banks - Southern Labrador,Arctic,Newfoundland,NFLD13,Bauline,47.722559,-52.835218,5/10/2022,9,0101000020E6100000E983656CE86A4AC01A3735D07CDC4740,RLS,5,10:20:00,47.72255,-52.83521,Jasmin Schuster,1,1,Chordata,Actinopterygii,Perciformes,Labridae,Tautogolabrus adspersus,Tautogolabrus adspersus,Tautogolabrus adspersus,Tautogolabrus adspersus,12.5,2,76.67733399
923401385,Canada,Newfoundland and Labrador,Northern Grand Banks - Southern Labrador,Arctic,Newfoundland,NFLD13,Bauline,47.722559,-52.835218,5/10/2022,9,0101000020E6100000E983656CE86A4AC01A3735D07CDC4740,RLS,5,10:20:00,47.72255,-52.83521,Jasmin Schuster,1,1,Chordata,Actinopterygii,Perciformes,Labridae,Tautogolabrus adspersus,Tautogolabrus adspersus,Tautogolabrus adspersus,Tautogolabrus adspersus,10,1,19.89841483
923401385,Canada,Newfoundland and Labrador,Northern Grand Banks - Southern Labrador,Arctic,Newfoundland,NFLD13,Bauline,47.722559,-52.835218,5/10/2022,9,0101000020E6100000E983656CE86A4AC01A3735D07CDC4740,RLS,5,10:20:00,47.72255,-52.83521,Jasmin Schuster,1,1,Chordata,Actinopterygii,Perciformes,Labridae,Tautogolabrus adspersus,Tautogolabrus adspersus,Tautogolabrus adspersus,Tautogolabrus adspersus,5,1,2.594724922
923401385,Canada,Newfoundland and Labrador,Northern Grand Banks - Southern Labrador,Arctic,Newfoundland,NFLD13,Bauline,47.722559,-52.835218,5/10/2022,9,0101000020E6100000E983656CE86A4AC01A3735D07CDC4740,RLS,5,10:20:00,47.72255,-52.83521,Valesca De Groot,1,2,Chordata,Actinopterygii,Perciformes,Labridae,Tautogolabrus adspersus,Tautogolabrus adspersus,Tautogolabrus adspersus,Tautogolabrus adspersus,15,3,196.549501
923401385,Canada,Newfoundland and Labrador,Northern Grand Banks - Southern Labrador,Arctic,Newfoundland,NFLD13,Bauline,47.722559,-52.835218,5/10/2022,9,0101000020E6100000E983656CE86A4AC01A3735D07CDC4740,RLS,5,10:20:00,47.72255,-52.83521,Valesca De Groot,1,2,Chordata,Actinopterygii,Perciformes,Labridae,Tautogolabrus adspersus,Tautogolabrus adspersus,Tautogolabrus adspersus,Tautogolabrus adspersus,10,1,19.89841483
923401385,Canada,Newfoundland and Labrador,Northern Grand Banks - Southern Labrador,Arctic,Newfoundland,NFLD13,Bauline,47.722559,-52.835218,5/10/2022,9,0101000020E6100000E983656CE86A4AC01A3735D07CDC4740,RLS,5,10:20:00,47.72255,-52.83521,Valesca De Groot,1,2,Chordata,Actinopterygii,Perciformes,Labridae,Tautogolabrus adspersus,Tautogolabrus adspersus,Tautogolabrus adspersus,Tautogolabrus adspersus,7.5,2,17.08651646
923401385,Canada,Newfoundland and Labrador,Northern Grand Banks - Southern Labrador,Arctic,Newfoundland,NFLD13,Bauline,47.722559,-52.835218,5/10/2022,9,0101000020E6100000E983656CE86A4AC01A3735D07CDC4740,RLS,5,10:20:00,47.72255,-52.83521,Valesca De Groot,1,2,Chordata,Actinopterygii,Perciformes,Labridae,Tautogolabrus adspersus,Tautogolabrus adspersus,Tautogolabrus adspersus,Tautogolabrus adspersus,5,4,10.37889969
923401385,Canada,Newfoundland and Labrador,Northern Grand Banks - Southern Labrador,Arctic,Newfoundland,NFLD13,Bauline,47.722559,-52.835218,5/10/2022,9,0101000020E6100000E983656CE86A4AC01A3735D07CDC4740,RLS,5,10:20:00,47.72255,-52.83521,Valesca De Groot,1,2,Chordata,Actinopterygii,Perciformes,Labridae,Tautogolabrus adspersus,Tautogolabrus adspersus,Tautogolabrus adspersus,Tautogolabrus adspersus,2.5,1,0.33834843
923401384,Canada,Newfoundland and Labrador,Northern Grand Banks - Southern Labrador,Arctic,Newfoundland,NFLD2,Tappers Cove,47.66498,-52.72689,3/10/2022,9,0101000020E61000000DE544BB0A5D4AC03E3F8C101ED54740,RLS,4,10:50:00,47.66498,-52.72689,Jasmin Schuster,1,1,Chordata,Actinopterygii,Gadiformes,Gadidae,Gadus morhua,Gadus morhua,Gadus morhua,Gadus morhua,2.5,30,6.406749307
923401384,Canada,Newfoundland and Labrador,Northern Grand Banks - Southern Labrador,Arctic,Newfoundland,NFLD2,Tappers Cove,47.66498,-52.72689,3/10/2022,9,0101000020E61000000DE544BB0A5D4AC03E3F8C101ED54740,RLS,4,10:50:00,47.66498,-52.72689,Jasmin Schuster,1,1,Chordata,Actinopterygii,Gadiformes,Gadidae,Gadus morhua,Gadus morhua,Gadus morhua,Gadus morhua,10,20,302.4661824
923401384,Canada,Newfoundland and Labrador,Northern Grand Banks - Southern Labrador,Arctic,Newfoundland,NFLD2,Tappers Cove,47.66498,-52.72689,3/10/2022,9,0101000020E61000000DE544BB0A5D4AC03E3F8C101ED54740,RLS,4,10:50:00,47.66498,-52.72689,Jasmin Schuster,1,1,Chordata,Actinopterygii,Gadiformes,Gadidae,Gadus morhua,Gadus morhua,Gadus morhua,Gadus morhua,7.5,30,187.4266515
923401384,Canada,Newfoundland and Labrador,Northern Grand Banks - Southern Labrador,Arctic,Newfoundland,NFLD2,Tappers Cove,47.66498,-52.72689,3/10/2022,9,0101000020E61000000DE544BB0A5D4AC03E3F8C101ED54740,RLS,4,10:50:00,47.66498,-52.72689,Jasmin Schuster,1,1,Chordata,Actinopterygii,Gadiformes,Gadidae,Gadus morhua,Gadus morhua,Gadus morhua,Gadus morhua,5,50,89.8569466
923401384,Canada,Newfoundland and Labrador,Northern Grand Banks - Southern Labrador,Arctic,Newfoundland,NFLD2,Tappers Cove,47.66498,-52.72689,3/10/2022,9,0101000020E61000000DE544BB0A5D4AC03E3F8C101ED54740,RLS,4,10:50:00,47.66498,-52.72689,Jasmin Schuster,1,1,Chordata,Actinopterygii,Scorpaeniformes,Cottidae,Myoxocephalus scorpius,Myoxocephalus scorpius,Myoxocephalus scorpius,Myoxocephalus scorpius,25,1,364.6394407
923401384,Canada,Newfoundland and Labrador,Northern Grand Banks - Southern Labrador,Arctic,Newfoundland,NFLD2,Tappers Cove,47.66498,-52.72689,3/10/2022,9,0101000020E61000000DE544BB0A5D4AC03E3F8C101ED54740,RLS,4,10:50:00,47.66498,-52.72689,Jasmin Schuster,1,2,Chordata,Actinopterygii,Gadiformes,Gadidae,Gadus morhua,Gadus morhua,Gadus morhua,Gadus morhua,2.5,10,2.135583102
923401384,Canada,Newfoundland and Labrador,Northern Grand Banks - Southern Labrador,Arctic,Newfoundland,NFLD2,Tappers Cove,47.66498,-52.72689,3/10/2022,9,0101000020E61000000DE544BB0A5D4AC03E3F8C101ED54740,RLS,4,10:50:00,47.66498,-52.72689,Jasmin Schuster,1,2,Chordata,Actinopterygii,Gadiformes,Gadidae,Gadus morhua,Gadus morhua,Gadus morhua,Gadus morhua,10,10,151.2330912
923401384,Canada,Newfoundland and Labrador,Northern Grand Banks - Southern Labrador,Arctic,Newfoundland,NFLD2,Tappers Cove,47.66498,-52.72689,3/10/2022,9,0101000020E61000000DE544BB0A5D4AC03E3F8C101ED54740,RLS,4,10:50:00,47.66498,-52.72689,Jasmin Schuster,1,2,Chordata,Actinopterygii,Gadiformes,Gadidae,Gadus morhua,Gadus morhua,Gadus morhua,Gadus morhua,7.5,20,124.951101
923401384,Canada,Newfoundland and Labrador,Northern Grand Banks - Southern Labrador,Arctic,Newfoundland,NFLD2,Tappers Cove,47.66498,-52.72689,3/10/2022,9,0101000020E61000000DE544BB0A5D4AC03E3F8C101ED54740,RLS,4,10:50:00,47.66498,-52.72689,Jasmin Schuster,1,2,Chordata,Actinopterygii,Gadiformes,Gadidae,Gadus morhua,Gadus morhua,Gadus morhua,Gadus morhua,5,37,66.49414048
923401383,Canada,Newfoundland and Labrador,Northern Grand Banks - Southern Labrador,Arctic,Newfoundland,NFLD2,Tappers Cove,47.66498,-52.72689,20/07/2021,6,0101000020E61000000DE544BB0A5D4AC03E3F8C101ED54740,RLS,5,12:00:00,47.66497,-52.72689,Jasmin Schuster,1,1,Chordata,Actinopterygii,Gadiformes,Gadidae,Gadus morhua,Gadus morhua,Gadus morhua,Gadus morhua,12.5,20,600.4561466
923401383,Canada,Newfoundland and Labrador,Northern Grand Banks - Southern Labrador,Arctic,Newfoundland,NFLD2,Tappers Cove,47.66498,-52.72689,20/07/2021,6,0101000020E61000000DE544BB0A5D4AC03E3F8C101ED54740,RLS,5,12:00:00,47.66497,-52.72689,Jasmin Schuster,1,1,Chordata,Actinopterygii,Gadiformes,Gadidae,Gadus morhua,Gadus morhua,Gadus morhua,Gadus morhua,7.5,11,68.72310556
923401383,Canada,Newfoundland and Labrador,Northern Grand Banks - Southern Labrador,Arctic,Newfoundland,NFLD2,Tappers Cove,47.66498,-52.72689,20/07/2021,6,0101000020E61000000DE544BB0A5D4AC03E3F8C101ED54740,RLS,5,12:00:00,47.66497,-52.72689,Jasmin Schuster,1,1,Chordata,Actinopterygii,Gadiformes,Gadidae,Gadus morhua,Gadus morhua,Gadus morhua,Gadus morhua,10,12,181.4797094
923401383,Canada,Newfoundland and Labrador,Northern Grand Banks - Southern Labrador,Arctic,Newfoundland,NFLD2,Tappers Cove,47.66498,-52.72689,20/07/2021,6,0101000020E61000000DE544BB0A5D4AC03E3F8C101ED54740,RLS,5,12:00:00,47.66497,-52.72689,Andrew Perry,1,2,Chordata,Actinopterygii,Gadiformes,Gadidae,Gadus morhua,Gadus morhua,Gadus morhua,Gadus morhua,5,1,1.797138932
923401383,Canada,Newfoundland and Labrador,Northern Grand Banks - Southern Labrador,Arctic,Newfoundland,NFLD2,Tappers Cove,47.66498,-52.72689,20/07/2021,6,0101000020E61000000DE544BB0A5D4AC03E3F8C101ED54740,RLS,5,12:00:00,47.66497,-52.72689,Andrew Perry,1,2,Chordata,Actinopterygii,Gadiformes,Gadidae,Gadus morhua,Gadus morhua,Gadus morhua,Gadus morhua,15,4,210.2980568
923401383,Canada,Newfoundland and Labrador,Northern Grand Banks - Southern Labrador,Arctic,Newfoundland,NFLD2,Tappers Cove,47.66498,-52.72689,20/07/2021,6,0101000020E61000000DE544BB0A5D4AC03E3F8C101ED54740,RLS,5,12:00:00,47.66497,-52.72689,Andrew Perry,1,2,Chordata,Actinopterygii,Gadiformes,Gadidae,Gadus morhua,Gadus morhua,Gadus morhua,Gadus morhua,10,3,45.36992736
923401383,Canada,Newfoundland and Labrador,Northern Grand Banks - Southern Labrador,Arctic,Newfoundland,NFLD2,Tappers Cove,47.66498,-52.72689,20/07/2021,6,0101000020E61000000DE544BB0A5D4AC03E3F8C101ED54740,RLS,5,12:00:00,47.66497,-52.72689,Andrew Perry,1,2,Chordata,Actinopterygii,Perciformes,Pholidae,Pholis gunnellus,Pholis gunnellus,Pholis gunnellus,Pholis gunnellus,7.5,1,3.261161819
923401383,Canada,Newfoundland and Labrador,Northern Grand Banks - Southern Labrador,Arctic,Newfoundland,NFLD2,Tappers Cove,47.66498,-52.72689,20/07/2021,6,0101000020E61000000DE544BB0A5D4AC03E3F8C101ED54740,RLS,5,12:00:00,47.66497,-52.72689,Andrew Perry,1,2,Chordata,Actinopterygii,Perciformes,Stichaeidae,Ulvaria subbifurcata,Ulvaria subbifurcata,Ulvaria subbifurcata,Ulvaria subbifurcata,5,1,
923401382,Canada,Newfoundland and Labrador,Northern Grand Banks - Southern Labrador,Arctic,Newfoundland,NFLD1,Middle Cove,47.65214,-52.69617,19/07/2021,5,0101000020E6100000683A3B191C594AC0EC34D25279D34740,RLS,7,10:30:00,47.65213,-52.69617,Jasmin Schuster,1,1,Chordata,Actinopterygii,Osmeriformes,Osmeridae,Mallotus villosus,Mallotus villosus,Mallotus villosus,Mallotus villosus,15,3000,
923401382,Canada,Newfoundland and Labrador,Northern Grand Banks - Southern Labrador,Arctic,Newfoundland,NFLD1,Middle Cove,47.65214,-52.69617,19/07/2021,5,0101000020E6100000683A3B191C594AC0EC34D25279D34740,RLS,7,10:30:00,47.65213,-52.69617,Jasmin Schuster,1,1,Chordata,Actinopterygii,Osmeriformes,Osmeridae,Mallotus villosus,Mallotus villosus,Mallotus villosus,Mallotus villosus,12.5,3000,
923401382,Canada,Newfoundland and Labrador,Northern Grand Banks - Southern Labrador,Arctic,Newfoundland,NFLD1,Middle Cove,47.65214,-52.69617,19/07/2021,5,0101000020E6100000683A3B191C594AC0EC34D25279D34740,RLS,7,10:30:00,47.65213,-52.69617,Jasmin Schuster,1,1,Chordata,Actinopterygii,Osmeriformes,Osmeridae,Mallotus villosus,Mallotus villosus,Mallotus villosus,Mallotus villosus,10,3000,
923401382,Canada,Newfoundland and Labrador,Northern Grand Banks - Southern Labrador,Arctic,Newfoundland,NFLD1,Middle Cove,47.65214,-52.69617,19/07/2021,5,0101000020E6100000683A3B191C594AC0EC34D25279D34740,RLS,7,10:30:00,47.65213,-52.69617,Jasmin Schuster,1,1,Chordata,Actinopterygii,Osmeriformes,Osmeridae,Mallotus villosus,Mallotus villosus,Mallotus villosus,Mallotus villosus,7.5,500,
923401382,Canada,Newfoundland and Labrador,Northern Grand Banks - Southern Labrador,Arctic,Newfoundland,NFLD1,Middle Cove,47.65214,-52.69617,19/07/2021,5,0101000020E6100000683A3B191C594AC0EC34D25279D34740,RLS,7,10:30:00,47.65213,-52.69617,Jasmin Schuster,1,1,Chordata,Actinopterygii,Osmeriformes,Osmeridae,Mallotus villosus,Mallotus villosus,Mallotus villosus,Mallotus villosus,20,500,
923401382,Canada,Newfoundland and Labrador,Northern Grand Banks - Southern Labrador,Arctic,Newfoundland,NFLD1,Middle Cove,47.65214,-52.69617,19/07/2021,5,0101000020E6100000683A3B191C594AC0EC34D25279D34740,RLS,7,10:30:00,47.65213,-52.69617,Jasmin Schuster,1,1,Chordata,Actinopterygii,Pleuronectiformes,Pleuronectidae,Pseudopleuronectes americanus,Pseudopleuronectes americanus,Pseudopleuronectes americanus,Pseudopleuronectes americanus,50,1,956.6328336
923401382,Canada,Newfoundland and Labrador,Northern Grand Banks - Southern Labrador,Arctic,Newfoundland,NFLD1,Middle Cove,47.65214,-52.69617,19/07/2021,5,0101000020E6100000683A3B191C594AC0EC34D25279D34740,RLS,7,10:30:00,47.65213,-52.69617,Jasmin Schuster,1,2,Chordata,Actinopterygii,Osmeriformes,Osmeridae,Mallotus villosus,Mallotus villosus,Mallotus villosus,Mallotus villosus,7.5,500,
923401382,Canada,Newfoundland and Labrador,Northern Grand Banks - Southern Labrador,Arctic,Newfoundland,NFLD1,Middle Cove,47.65214,-52.69617,19/07/2021,5,0101000020E6100000683A3B191C594AC0EC34D25279D34740,RLS,7,10:30:00,47.65213,-52.69617,Jasmin Schuster,1,2,Chordata,Actinopterygii,Osmeriformes,Osmeridae,Mallotus villosus,Mallotus villosus,Mallotus villosus,Mallotus villosus,20,500,
923401382,Canada,Newfoundland and Labrador,Northern Grand Banks - Southern Labrador,Arctic,Newfoundland,NFLD1,Middle Cove,47.65214,-52.69617,19/07/2021,5,0101000020E6100000683A3B191C594AC0EC34D25279D34740,RLS,7,10:30:00,47.65213,-52.69617,Jasmin Schuster,1,2,Chordata,Actinopterygii,Osmeriformes,Osmeridae,Mallotus villosus,Mallotus villosus,Mallotus villosus,Mallotus villosus,15,3000,
923401382,Canada,Newfoundland and Labrador,Northern Grand Banks - Southern Labrador,Arctic,Newfoundland,NFLD1,Middle Cove,47.65214,-52.69617,19/07/2021,5,0101000020E6100000683A3B191C594AC0EC34D25279D34740,RLS,7,10:30:00,47.65213,-52.69617,Jasmin Schuster,1,2,Chordata,Actinopterygii,Osmeriformes,Osmeridae,Mallotus villosus,Mallotus villosus,Mallotus villosus,Mallotus villosus,12.5,3000,
923401382,Canada,Newfoundland and Labrador,Northern Grand Banks - Southern Labrador,Arctic,Newfoundland,NFLD1,Middle Cove,47.65214,-52.69617,19/07/2021,5,0101000020E6100000683A3B191C594AC0EC34D25279D34740,RLS,7,10:30:00,47.65213,-52.69617,Jasmin Schuster,1,2,Chordata,Actinopterygii,Osmeriformes,Osmeridae,Mallotus villosus,Mallotus villosus,Mallotus villosus,Mallotus villosus,10,3000,
923401381,Canada,Newfoundland and Labrador,Northern Grand Banks - Southern Labrador,Arctic,Newfoundland,NFLD4,Portugal Cove,47.62729,-52.85769,19/07/2021,8,0101000020E61000009A0D32C9C86D4AC0CE8DE9094BD04740,RLS,6,12:20:00,47.62728,-52.85769,Jasmin Schuster,1,1,Chordata,Actinopterygii,Pleuronectiformes,Pleuronectidae,Pseudopleuronectes americanus,Pseudopleuronectes americanus,Pseudopleuronectes americanus,Pseudopleuronectes americanus,20,1,158.8123377
923401381,Canada,Newfoundland and Labrador,Northern Grand Banks - Southern Labrador,Arctic,Newfoundland,NFLD4,Portugal Cove,47.62729,-52.85769,19/07/2021,8,0101000020E61000009A0D32C9C86D4AC0CE8DE9094BD04740,RLS,6,12:20:00,47.62728,-52.85769,Jasmin Schuster,1,1,Chordata,Actinopterygii,Perciformes,Labridae,Tautogolabrus adspersus,Tautogolabrus adspersus,Tautogolabrus adspersus,Tautogolabrus adspersus,7.5,8,68.34606584
923401381,Canada,Newfoundland and Labrador,Northern Grand Banks - Southern Labrador,Arctic,Newfoundland,NFLD4,Portugal Cove,47.62729,-52.85769,19/07/2021,8,0101000020E61000009A0D32C9C86D4AC0CE8DE9094BD04740,RLS,6,12:20:00,47.62728,-52.85769,Jasmin Schuster,1,1,Chordata,Actinopterygii,Perciformes,Labridae,Tautogolabrus adspersus,Tautogolabrus adspersus,Tautogolabrus adspersus,Tautogolabrus adspersus,25,3,633.1610822
923401381,Canada,Newfoundland and Labrador,Northern Grand Banks - Southern Labrador,Arctic,Newfoundland,NFLD4,Portugal Cove,47.62729,-52.85769,19/07/2021,8,0101000020E61000009A0D32C9C86D4AC0CE8DE9094BD04740,RLS,6,12:20:00,47.62728,-52.85769,Jasmin Schuster,1,1,Chordata,Actinopterygii,Perciformes,Labridae,Tautogolabrus adspersus,Tautogolabrus adspersus,Tautogolabrus adspersus,Tautogolabrus adspersus,20,5,699.4132485
923401381,Canada,Newfoundland and Labrador,Northern Grand Banks - Southern Labrador,Arctic,Newfoundland,NFLD4,Portugal Cove,47.62729,-52.85769,19/07/2021,8,0101000020E61000009A0D32C9C86D4AC0CE8DE9094BD04740,RLS,6,12:20:00,47.62728,-52.85769,Jasmin Schuster,1,1,Chordata,Actinopterygii,Perciformes,Labridae,Tautogolabrus adspersus,Tautogolabrus adspersus,Tautogolabrus adspersus,Tautogolabrus adspersus,15,12,786.198004
923401381,Canada,Newfoundland and Labrador,Northern Grand Banks - Southern Labrador,Arctic,Newfoundland,NFLD4,Portugal Cove,47.62729,-52.85769,19/07/2021,8,0101000020E61000009A0D32C9C86D4AC0CE8DE9094BD04740,RLS,6,12:20:00,47.62728,-52.85769,Jasmin Schuster,1,1,Chordata,Actinopterygii,Perciformes,Labridae,Tautogolabrus adspersus,Tautogolabrus adspersus,Tautogolabrus adspersus,Tautogolabrus adspersus,12.5,12,460.0640039
923401381,Canada,Newfoundland and Labrador,Northern Grand Banks - Southern Labrador,Arctic,Newfoundland,NFLD4,Portugal Cove,47.62729,-52.85769,19/07/2021,8,0101000020E61000009A0D32C9C86D4AC0CE8DE9094BD04740,RLS,6,12:20:00,47.62728,-52.85769,Jasmin Schuster,1,1,Chordata,Actinopterygii,Perciformes,Labridae,Tautogolabrus adspersus,Tautogolabrus adspersus,Tautogolabrus adspersus,Tautogolabrus adspersus,10,15,298.4762224
923401381,Canada,Newfoundland and Labrador,Northern Grand Banks - Southern Labrador,Arctic,Newfoundland,NFLD4,Portugal Cove,47.62729,-52.85769,19/07/2021,8,0101000020E61000009A0D32C9C86D4AC0CE8DE9094BD04740,RLS,6,12:20:00,47.62728,-52.85769,Jasmin Schuster,1,2,Chordata,Actinopterygii,Scorpaeniformes,Cyclopteridae,Cyclopterus lumpus,Cyclopterus lumpus,Cyclopterus lumpus,Cyclopterus lumpus,35,1,
923401381,Canada,Newfoundland and Labrador,Northern Grand Banks - Southern Labrador,Arctic,Newfoundland,NFLD4,Portugal Cove,47.62729,-52.85769,19/07/2021,8,0101000020E61000009A0D32C9C86D4AC0CE8DE9094BD04740,RLS,6,12:20:00,47.62728,-52.85769,Jasmin Schuster,1,2,Chordata,Actinopterygii,Perciformes,Labridae,Tautogolabrus adspersus,Tautogolabrus adspersus,Tautogolabrus adspersus,Tautogolabrus adspersus,7.5,60,512.5954938
923401381,Canada,Newfoundland and Labrador,Northern Grand Banks - Southern Labrador,Arctic,Newfoundland,NFLD4,Portugal Cove,47.62729,-52.85769,19/07/2021,8,0101000020E61000009A0D32C9C86D4AC0CE8DE9094BD04740,RLS,6,12:20:00,47.62728,-52.85769,Jasmin Schuster,1,2,Chordata,Actinopterygii,Perciformes,Labridae,Tautogolabrus adspersus,Tautogolabrus adspersus,Tautogolabrus adspersus,Tautogolabrus adspersus,30,1,305.6822776
923401381,Canada,Newfoundland and Labrador,Northern Grand Banks - Southern Labrador,Arctic,Newfoundland,NFLD4,Portugal Cove,47.62729,-52.85769,19/07/2021,8,0101000020E61000009A0D32C9C86D4AC0CE8DE9094BD04740,RLS,6,12:20:00,47.62728,-52.85769,Jasmin Schuster,1,2,Chordata,Actinopterygii,Perciformes,Labridae,Tautogolabrus adspersus,Tautogolabrus adspersus,Tautogolabrus adspersus,Tautogolabrus adspersus,25,2,422.1073881
923401381,Canada,Newfoundland and Labrador,Northern Grand Banks - Southern Labrador,Arctic,Newfoundland,NFLD4,Portugal Cove,47.62729,-52.85769,19/07/2021,8,0101000020E61000009A0D32C9C86D4AC0CE8DE9094BD04740,RLS,6,12:20:00,47.62728,-52.85769,Jasmin Schuster,1,2,Chordata,Actinopterygii,Perciformes,Labridae,Tautogolabrus adspersus,Tautogolabrus adspersus,Tautogolabrus adspersus,Tautogolabrus adspersus,20,25,3497.066243
923401381,Canada,Newfoundland and Labrador,Northern Grand Banks - Southern Labrador,Arctic,Newfoundland,NFLD4,Portugal Cove,47.62729,-52.85769,19/07/2021,8,0101000020E61000009A0D32C9C86D4AC0CE8DE9094BD04740,RLS,6,12:20:00,47.62728,-52.85769,Jasmin Schuster,1,2,Chordata,Actinopterygii,Perciformes,Labridae,Tautogolabrus adspersus,Tautogolabrus adspersus,Tautogolabrus adspersus,Tautogolabrus adspersus,15,37,2424.110512
923401381,Canada,Newfoundland and Labrador,Northern Grand Banks - Southern Labrador,Arctic,Newfoundland,NFLD4,Portugal Cove,47.62729,-52.85769,19/07/2021,8,0101000020E61000009A0D32C9C86D4AC0CE8DE9094BD04740,RLS,6,12:20:00,47.62728,-52.85769,Jasmin Schuster,1,2,Chordata,Actinopterygii,Perciformes,Labridae,Tautogolabrus adspersus,Tautogolabrus adspersus,Tautogolabrus adspersus,Tautogolabrus adspersus,10,182,3621.511499
923401381,Canada,Newfoundland and Labrador,Northern Grand Banks - Southern Labrador,Arctic,Newfoundland,NFLD4,Portugal Cove,47.62729,-52.85769,19/07/2021,8,0101000020E61000009A0D32C9C86D4AC0CE8DE9094BD04740,RLS,6,12:20:00,47.62728,-52.85769,Jasmin Schuster,1,2,Chordata,Actinopterygii,Perciformes,Labridae,Tautogolabrus adspersus,Tautogolabrus adspersus,Tautogolabrus adspersus,Tautogolabrus adspersus,12.5,60,2300.32002
923401380,Canada,Newfoundland and Labrador,Northern Grand Banks - Southern Labrador,Arctic,Newfoundland,NFLD2,Tappers Cove,47.66498,-52.72689,20/07/2021,9,0101000020E61000000DE544BB0A5D4AC03E3F8C101ED54740,RLS,5,10:30:00,47.66497,-52.72689,Jasmin Schuster,1,1,Chordata,Actinopterygii,Gadiformes,Gadidae,Gadus morhua,Gadus morhua,Gadus morhua,Gadus morhua,12.5,5,150.1140367
923401380,Canada,Newfoundland and Labrador,Northern Grand Banks - Southern Labrador,Arctic,Newfoundland,NFLD2,Tappers Cove,47.66498,-52.72689,20/07/2021,9,0101000020E61000000DE544BB0A5D4AC03E3F8C101ED54740,RLS,5,10:30:00,47.66497,-52.72689,Jasmin Schuster,1,1,Chordata,Actinopterygii,Gadiformes,Gadidae,Gadus morhua,Gadus morhua,Gadus morhua,Gadus morhua,2.5,1,0.21355831
923401380,Canada,Newfoundland and Labrador,Northern Grand Banks - Southern Labrador,Arctic,Newfoundland,NFLD2,Tappers Cove,47.66498,-52.72689,20/07/2021,9,0101000020E61000000DE544BB0A5D4AC03E3F8C101ED54740,RLS,5,10:30:00,47.66497,-52.72689,Jasmin Schuster,1,1,Chordata,Actinopterygii,Gadiformes,Gadidae,Gadus morhua,Gadus morhua,Gadus morhua,Gadus morhua,7.5,5,31.23777525
923401380,Canada,Newfoundland and Labrador,Northern Grand Banks - Southern Labrador,Arctic,Newfoundland,NFLD2,Tappers Cove,47.66498,-52.72689,20/07/2021,9,0101000020E61000000DE544BB0A5D4AC03E3F8C101ED54740,RLS,5,10:30:00,47.66497,-52.72689,Jasmin Schuster,1,1,Chordata,Actinopterygii,Gadiformes,Gadidae,Gadus morhua,Gadus morhua,Gadus morhua,Gadus morhua,10,5,75.6165456
923401380,Canada,Newfoundland and Labrador,Northern Grand Banks - Southern Labrador,Arctic,Newfoundland,NFLD2,Tappers Cove,47.66498,-52.72689,20/07/2021,9,0101000020E61000000DE544BB0A5D4AC03E3F8C101ED54740,RLS,5,10:30:00,47.66497,-52.72689,Jasmin Schuster,1,1,Chordata,Actinopterygii,Scorpaeniformes,Cottidae,Myoxocephalus scorpius,Myoxocephalus scorpius,Myoxocephalus scorpius,Myoxocephalus scorpius,35,1,759.8264409
923401380,Canada,Newfoundland and Labrador,Northern Grand Banks - Southern Labrador,Arctic,Newfoundland,NFLD2,Tappers Cove,47.66498,-52.72689,20/07/2021,9,0101000020E61000000DE544BB0A5D4AC03E3F8C101ED54740,RLS,5,10:30:00,47.66497,-52.72689,Jasmin Schuster,1,1,Chordata,Actinopterygii,Pleuronectiformes,Pleuronectidae,Pseudopleuronectes americanus,Pseudopleuronectes americanus,Pseudopleuronectes americanus,Pseudopleuronectes americanus,30,1,320.5168514
923401380,Canada,Newfoundland and Labrador,Northern Grand Banks - Southern Labrador,Arctic,Newfoundland,NFLD2,Tappers Cove,47.66498,-52.72689,20/07/2021,9,0101000020E61000000DE544BB0A5D4AC03E3F8C101ED54740,RLS,5,10:30:00,47.66497,-52.72689,Jasmin Schuster,1,1,Chordata,Actinopterygii,Pleuronectiformes,Pleuronectidae,Pseudopleuronectes americanus,Pseudopleuronectes americanus,Pseudopleuronectes americanus,Pseudopleuronectes americanus,40,1,526.9665113
923401380,Canada,Newfoundland and Labrador,Northern Grand Banks - Southern Labrador,Arctic,Newfoundland,NFLD2,Tappers Cove,47.66498,-52.72689,20/07/2021,9,0101000020E61000000DE544BB0A5D4AC03E3F8C101ED54740,RLS,5,10:30:00,47.66497,-52.72689,Jasmin Schuster,1,2,Chordata,Actinopterygii,Gadiformes,Gadidae,Gadus morhua,Gadus morhua,Gadus morhua,Gadus morhua,10,20,302.4661824
923401380,Canada,Newfoundland and Labrador,Northern Grand Banks - Southern Labrador,Arctic,Newfoundland,NFLD2,Tappers Cove,47.66498,-52.72689,20/07/2021,9,0101000020E61000000DE544BB0A5D4AC03E3F8C101ED54740,RLS,5,10:30:00,47.66497,-52.72689,Jasmin Schuster,1,2,Chordata,Actinopterygii,Gadiformes,Gadidae,Gadus morhua,Gadus morhua,Gadus morhua,Gadus morhua,12.5,10,300.2280733
923401380,Canada,Newfoundland and Labrador,Northern Grand Banks - Southern Labrador,Arctic,Newfoundland,NFLD2,Tappers Cove,47.66498,-52.72689,20/07/2021,9,0101000020E61000000DE544BB0A5D4AC03E3F8C101ED54740,RLS,5,10:30:00,47.66497,-52.72689,Jasmin Schuster,1,2,Chordata,Actinopterygii,Gadiformes,Gadidae,Gadus morhua,Gadus morhua,Gadus morhua,Gadus morhua,7.5,10,62.47555051
923401380,Canada,Newfoundland and Labrador,Northern Grand Banks - Southern Labrador,Arctic,Newfoundland,NFLD2,Tappers Cove,47.66498,-52.72689,20/07/2021,9,0101000020E61000000DE544BB0A5D4AC03E3F8C101ED54740,RLS,5,10:30:00,47.66497,-52.72689,Jasmin Schuster,1,2,Chordata,Actinopterygii,Pleuronectiformes,Pleuronectidae,Pseudopleuronectes americanus,Pseudopleuronectes americanus,Pseudopleuronectes americanus,Pseudopleuronectes americanus,35,1,427.3579725
923401380,Canada,Newfoundland and Labrador,Northern Grand Banks - Southern Labrador,Arctic,Newfoundland,NFLD2,Tappers Cove,47.66498,-52.72689,20/07/2021,9,0101000020E61000000DE544BB0A5D4AC03E3F8C101ED54740,RLS,5,10:30:00,47.66497,-52.72689,Jasmin Schuster,1,2,Chordata,Actinopterygii,Perciformes,Zoarcidae,Zoarces americanus,Zoarces americanus,Zoarces americanus,Zoarces americanus,50,1,
923401379,Canada,Newfoundland and Labrador,Northern Grand Banks - Southern Labrador,Arctic,Newfoundland,NFLD13,Bauline,47.722559,-52.835218,21/07/2021,8,0101000020E6100000E983656CE86A4AC01A3735D07CDC4740,RLS,3,11:00:00,47.72255,-52.83521,Andrew Perry,1,1,Chordata,Actinopterygii,Gadiformes,Gadidae,Gadus morhua,Gadus morhua,Gadus morhua,Gadus morhua,10,2,30.24661824
923401379,Canada,Newfoundland and Labrador,Northern Grand Banks - Southern Labrador,Arctic,Newfoundland,NFLD13,Bauline,47.722559,-52.835218,21/07/2021,8,0101000020E6100000E983656CE86A4AC01A3735D07CDC4740,RLS,3,11:00:00,47.72255,-52.83521,Andrew Perry,1,1,Chordata,Actinopterygii,Gadiformes,Gadidae,Gadus morhua,Gadus morhua,Gadus morhua,Gadus morhua,15,1,52.57451419
923401379,Canada,Newfoundland and Labrador,Northern Grand Banks - Southern Labrador,Arctic,Newfoundland,NFLD13,Bauline,47.722559,-52.835218,21/07/2021,8,0101000020E6100000E983656CE86A4AC01A3735D07CDC4740,RLS,3,11:00:00,47.72255,-52.83521,Andrew Perry,1,1,Chordata,Actinopterygii,Perciformes,Labridae,Tautogolabrus adspersus,Tautogolabrus adspersus,Tautogolabrus adspersus,Tautogolabrus adspersus,15,1,65.51650034
923401379,Canada,Newfoundland and Labrador,Northern Grand Banks - Southern Labrador,Arctic,Newfoundland,NFLD13,Bauline,47.722559,-52.835218,21/07/2021,8,0101000020E6100000E983656CE86A4AC01A3735D07CDC4740,RLS,3,11:00:00,47.72255,-52.83521,Andrew Perry,1,1,Chordata,Actinopterygii,Perciformes,Labridae,Tautogolabrus adspersus,Tautogolabrus adspersus,Tautogolabrus adspersus,Tautogolabrus adspersus,30,1,305.6822776
923401379,Canada,Newfoundland and Labrador,Northern Grand Banks - Southern Labrador,Arctic,Newfoundland,NFLD13,Bauline,47.722559,-52.835218,21/07/2021,8,0101000020E6100000E983656CE86A4AC01A3735D07CDC4740,RLS,3,11:00:00,47.72255,-52.83521,Andrew Perry,1,1,Chordata,Actinopterygii,Perciformes,Labridae,Tautogolabrus adspersus,Tautogolabrus adspersus,Tautogolabrus adspersus,Tautogolabrus adspersus,25,2,422.1073881
923401379,Canada,Newfoundland and Labrador,Northern Grand Banks - Southern Labrador,Arctic,Newfoundland,NFLD13,Bauline,47.722559,-52.835218,21/07/2021,8,0101000020E6100000E983656CE86A4AC01A3735D07CDC4740,RLS,3,11:00:00,47.72255,-52.83521,Andrew Perry,1,1,Chordata,Actinopterygii,Perciformes,Labridae,Tautogolabrus adspersus,Tautogolabrus adspersus,Tautogolabrus adspersus,Tautogolabrus adspersus,20,5,699.4132485
923401379,Canada,Newfoundland and Labrador,Northern Grand Banks - Southern Labrador,Arctic,Newfoundland,NFLD13,Bauline,47.722559,-52.835218,21/07/2021,8,0101000020E6100000E983656CE86A4AC01A3735D07CDC4740,RLS,3,11:00:00,47.72255,-52.83521,Jasmin Schuster,1,2,Chordata,Actinopterygii,Gadiformes,Gadidae,Gadus morhua,Gadus morhua,Gadus morhua,Gadus morhua,10,1,15.12330912
923401379,Canada,Newfoundland and Labrador,Northern Grand Banks - Southern Labrador,Arctic,Newfoundland,NFLD13,Bauline,47.722559,-52.835218,21/07/2021,8,0101000020E6100000E983656CE86A4AC01A3735D07CDC4740,RLS,3,11:00:00,47.72255,-52.83521,Jasmin Schuster,1,2,Chordata,Actinopterygii,Gadiformes,Gadidae,Gadus morhua,Gadus morhua,Gadus morhua,Gadus morhua,7.5,1,6.247555051
923401379,Canada,Newfoundland and Labrador,Northern Grand Banks - Southern Labrador,Arctic,Newfoundland,NFLD13,Bauline,47.722559,-52.835218,21/07/2021,8,0101000020E6100000E983656CE86A4AC01A3735D07CDC4740,RLS,3,11:00:00,47.72255,-52.83521,Jasmin Schuster,1,2,Chordata,Actinopterygii,Perciformes,Labridae,Tautogolabrus adspersus,Tautogolabrus adspersus,Tautogolabrus adspersus,Tautogolabrus adspersus,10,4,79.59365931
923401379,Canada,Newfoundland and Labrador,Northern Grand Banks - Southern Labrador,Arctic,Newfoundland,NFLD13,Bauline,47.722559,-52.835218,21/07/2021,8,0101000020E6100000E983656CE86A4AC01A3735D07CDC4740,RLS,3,11:00:00,47.72255,-52.83521,Jasmin Schuster,1,2,Chordata,Actinopterygii,Perciformes,Labridae,Tautogolabrus adspersus,Tautogolabrus adspersus,Tautogolabrus adspersus,Tautogolabrus adspersus,35,1,421.0771855
923401379,Canada,Newfoundland and Labrador,Northern Grand Banks - Southern Labrador,Arctic,Newfoundland,NFLD13,Bauline,47.722559,-52.835218,21/07/2021,8,0101000020E6100000E983656CE86A4AC01A3735D07CDC4740,RLS,3,11:00:00,47.72255,-52.83521,Jasmin Schuster,1,2,Chordata,Actinopterygii,Perciformes,Labridae,Tautogolabrus adspersus,Tautogolabrus adspersus,Tautogolabrus adspersus,Tautogolabrus adspersus,30,1,305.6822776
923401379,Canada,Newfoundland and Labrador,Northern Grand Banks - Southern Labrador,Arctic,Newfoundland,NFLD13,Bauline,47.722559,-52.835218,21/07/2021,8,0101000020E6100000E983656CE86A4AC01A3735D07CDC4740,RLS,3,11:00:00,47.72255,-52.83521,Jasmin Schuster,1,2,Chordata,Actinopterygii,Perciformes,Labridae,Tautogolabrus adspersus,Tautogolabrus adspersus,Tautogolabrus adspersus,Tautogolabrus adspersus,25,3,633.1610822
923401379,Canada,Newfoundland and Labrador,Northern Grand Banks - Southern Labrador,Arctic,Newfoundland,NFLD13,Bauline,47.722559,-52.835218,21/07/2021,8,0101000020E6100000E983656CE86A4AC01A3735D07CDC4740,RLS,3,11:00:00,47.72255,-52.83521,Jasmin Schuster,1,2,Chordata,Actinopterygii,Perciformes,Labridae,Tautogolabrus adspersus,Tautogolabrus adspersus,Tautogolabrus adspersus,Tautogolabrus adspersus,20,2,279.7652994
923401379,Canada,Newfoundland and Labrador,Northern Grand Banks - Southern Labrador,Arctic,Newfoundland,NFLD13,Bauline,47.722559,-52.835218,21/07/2021,8,0101000020E6100000E983656CE86A4AC01A3735D07CDC4740,RLS,3,11:00:00,47.72255,-52.83521,Jasmin Schuster,1,2,Chordata,Actinopterygii,Perciformes,Labridae,Tautogolabrus adspersus,Tautogolabrus adspersus,Tautogolabrus adspersus,Tautogolabrus adspersus,15,4,262.0660013
923401379,Canada,Newfoundland and Labrador,Northern Grand Banks - Southern Labrador,Arctic,Newfoundland,NFLD13,Bauline,47.722559,-52.835218,21/07/2021,8,0101000020E6100000E983656CE86A4AC01A3735D07CDC4740,RLS,3,11:00:00,47.72255,-52.83521,Jasmin Schuster,1,2,Chordata,Actinopterygii,Perciformes,Labridae,Tautogolabrus adspersus,Tautogolabrus adspersus,Tautogolabrus adspersus,Tautogolabrus adspersus,12.5,4,153.354668
923401379,Canada,Newfoundland and Labrador,Northern Grand Banks - Southern Labrador,Arctic,Newfoundland,NFLD13,Bauline,47.722559,-52.835218,21/07/2021,8,0101000020E6100000E983656CE86A4AC01A3735D07CDC4740,RLS,3,11:00:00,47.72255,-52.83521,Jasmin Schuster,1,2,Chordata,Actinopterygii,Perciformes,Labridae,Tautogolabrus adspersus,Tautogolabrus adspersus,Tautogolabrus adspersus,Tautogolabrus adspersus,7.5,3,25.62977469
923401379,Canada,Newfoundland and Labrador,Northern Grand Banks - Southern Labrador,Arctic,Newfoundland,NFLD13,Bauline,47.722559,-52.835218,21/07/2021,8,0101000020E6100000E983656CE86A4AC01A3735D07CDC4740,RLS,3,11:00:00,47.72255,-52.83521,Jasmin Schuster,1,2,Chordata,Actinopterygii,Perciformes,Labridae,Tautogolabrus adspersus,Tautogolabrus adspersus,Tautogolabrus adspersus,Tautogolabrus adspersus,5,1,2.594724922
923401377,Canada,Newfoundland and Labrador,Northern Grand Banks - Southern Labrador,Arctic,Newfoundland,NFLD19,Seal Cove,47.18782043,-52.8423996,6/09/2020,6,0101000020E6100000000000C0D36B4AC0000000800A984740,RLS,5,11:40:00,47.18782,-52.8424,Jasmin Schuster,1,1,Chordata,Actinopterygii,Pleuronectiformes,Pleuronectidae,Pseudopleuronectes americanus,Pseudopleuronectes americanus,Pseudopleuronectes americanus,Pseudopleuronectes americanus,20,1,158.8123377
923401377,Canada,Newfoundland and Labrador,Northern Grand Banks - Southern Labrador,Arctic,Newfoundland,NFLD19,Seal Cove,47.18782043,-52.8423996,6/09/2020,6,0101000020E6100000000000C0D36B4AC0000000800A984740,RLS,5,11:40:00,47.18782,-52.8424,Jasmin Schuster,1,2,Cnidaria,Scyphozoa,Semaeostomeae,Ulmaridae,Aurelia aurita,Aurelia aurita,Aurelia aurita,Aurelia aurita,0,2,
923401376,Canada,Newfoundland and Labrador,Northern Grand Banks - Southern Labrador,Arctic,Newfoundland,NFLD17,Harbour Main Beach,47.44139862,-53.15700912,16/08/2020,5,0101000020E6100000000000E018944AC0000000C07FB84740,RLS,3,15:30:00,47.4414,-53.15701,Jasmin Schuster,1,1,Chordata,Actinopterygii,Gadiformes,Gadidae,Gadus morhua,Gadus morhua,Gadus morhua,Gadus morhua,7.5,1,6.247555051
923401376,Canada,Newfoundland and Labrador,Northern Grand Banks - Southern Labrador,Arctic,Newfoundland,NFLD17,Harbour Main Beach,47.44139862,-53.15700912,16/08/2020,5,0101000020E6100000000000E018944AC0000000C07FB84740,RLS,3,15:30:00,47.4414,-53.15701,Jasmin Schuster,1,1,Chordata,Actinopterygii,Perciformes,Labridae,Tautogolabrus adspersus,Tautogolabrus adspersus,Tautogolabrus adspersus,Tautogolabrus adspersus,15,4,262.0660013
923401376,Canada,Newfoundland and Labrador,Northern Grand Banks - Southern Labrador,Arctic,Newfoundland,NFLD17,Harbour Main Beach,47.44139862,-53.15700912,16/08/2020,5,0101000020E6100000000000E018944AC0000000C07FB84740,RLS,3,15:30:00,47.4414,-53.15701,Jasmin Schuster,1,1,Chordata,Actinopterygii,Perciformes,Labridae,Tautogolabrus adspersus,Tautogolabrus adspersus,Tautogolabrus adspersus,Tautogolabrus adspersus,12.5,4,153.354668
923401376,Canada,Newfoundland and Labrador,Northern Grand Banks - Southern Labrador,Arctic,Newfoundland,NFLD17,Harbour Main Beach,47.44139862,-53.15700912,16/08/2020,5,0101000020E6100000000000E018944AC0000000C07FB84740,RLS,3,15:30:00,47.4414,-53.15701,Jasmin Schuster,1,1,Chordata,Actinopterygii,Perciformes,Labridae,Tautogolabrus adspersus,Tautogolabrus adspersus,Tautogolabrus adspersus,Tautogolabrus adspersus,10,2,39.79682966
923401376,Canada,Newfoundland and Labrador,Northern Grand Banks - Southern Labrador,Arctic,Newfoundland,NFLD17,Harbour Main Beach,47.44139862,-53.15700912,16/08/2020,5,0101000020E6100000000000E018944AC0000000C07FB84740,RLS,3,15:30:00,47.4414,-53.15701,Jasmin Schuster,1,2,Chordata,Actinopterygii,Perciformes,Pholidae,Pholis gunnellus,Pholis gunnellus,Pholis gunnellus,Pholis gunnellus,20,1,57.56368994
923401376,Canada,Newfoundland and Labrador,Northern Grand Banks - Southern Labrador,Arctic,Newfoundland,NFLD17,Harbour Main Beach,47.44139862,-53.15700912,16/08/2020,5,0101000020E6100000000000E018944AC0000000C07FB84740,RLS,3,15:30:00,47.4414,-53.15701,Jasmin Schuster,1,2,Chordata,Actinopterygii,Perciformes,Labridae,Tautogolabrus adspersus,Tautogolabrus adspersus,Tautogolabrus adspersus,Tautogolabrus adspersus,10,2,39.79682966
923401376,Canada,Newfoundland and Labrador,Northern Grand Banks - Southern Labrador,Arctic,Newfoundland,NFLD17,Harbour Main Beach,47.44139862,-53.15700912,16/08/2020,5,0101000020E6100000000000E018944AC0000000C07FB84740,RLS,3,15:30:00,47.4414,-53.15701,Jasmin Schuster,1,2,Chordata,Actinopterygii,Perciformes,Labridae,Tautogolabrus adspersus,Tautogolabrus adspersus,Tautogolabrus adspersus,Tautogolabrus adspersus,7.5,1,8.54325823
923401376,Canada,Newfoundland and Labrador,Northern Grand Banks - Southern Labrador,Arctic,Newfoundland,NFLD17,Harbour Main Beach,47.44139862,-53.15700912,16/08/2020,5,0101000020E6100000000000E018944AC0000000C07FB84740,RLS,3,15:30:00,47.4414,-53.15701,Jasmin Schuster,1,2,Chordata,Actinopterygii,Perciformes,Labridae,Tautogolabrus adspersus,Tautogolabrus adspersus,Tautogolabrus adspersus,Tautogolabrus adspersus,12.5,3,115.016001
923401376,Canada,Newfoundland and Labrador,Northern Grand Banks - Southern Labrador,Arctic,Newfoundland,NFLD17,Harbour Main Beach,47.44139862,-53.15700912,16/08/2020,5,0101000020E6100000000000E018944AC0000000C07FB84740,RLS,3,15:30:00,47.4414,-53.15701,Jasmin Schuster,1,2,Chordata,Actinopterygii,Perciformes,Labridae,Tautogolabrus adspersus,Tautogolabrus adspersus,Tautogolabrus adspersus,Tautogolabrus adspersus,15,3,196.549501
923401376,Canada,Newfoundland and Labrador,Northern Grand Banks - Southern Labrador,Arctic,Newfoundland,NFLD17,Harbour Main Beach,47.44139862,-53.15700912,16/08/2020,5,0101000020E6100000000000E018944AC0000000C07FB84740,RLS,3,15:30:00,47.4414,-53.15701,Jasmin Schuster,1,2,Chordata,Actinopterygii,Perciformes,Labridae,Tautogolabrus adspersus,Tautogolabrus adspersus,Tautogolabrus adspersus,Tautogolabrus adspersus,20,4,559.5305988
923401376,Canada,Newfoundland and Labrador,Northern Grand Banks - Southern Labrador,Arctic,Newfoundland,NFLD17,Harbour Main Beach,47.44139862,-53.15700912,16/08/2020,5,0101000020E6100000000000E018944AC0000000C07FB84740,RLS,3,15:30:00,47.4414,-53.15701,Jasmin Schuster,1,2,Chordata,Actinopterygii,Perciformes,Labridae,Tautogolabrus adspersus,Tautogolabrus adspersus,Tautogolabrus adspersus,Tautogolabrus adspersus,25,1,211.0536941
923401375,Canada,Newfoundland and Labrador,Northern Grand Banks - Southern Labrador,Arctic,Newfoundland,NFLD18,Bacon Cove,47.48194122,-53.16664886,20/08/2020,6,0101000020E6100000000000C054954AC000000040B0BD4740,RLS,3,14:50:00,47.48229,-53.16718,Jasmin Schuster,1,1,Chordata,Actinopterygii,Perciformes,Labridae,Tautogolabrus adspersus,Tautogolabrus adspersus,Tautogolabrus adspersus,Tautogolabrus adspersus,7.5,4,34.17303292
923401375,Canada,Newfoundland and Labrador,Northern Grand Banks - Southern Labrador,Arctic,Newfoundland,NFLD18,Bacon Cove,47.48194122,-53.16664886,20/08/2020,6,0101000020E6100000000000C054954AC000000040B0BD4740,RLS,3,14:50:00,47.48229,-53.16718,Jasmin Schuster,1,1,Chordata,Actinopterygii,Perciformes,Labridae,Tautogolabrus adspersus,Tautogolabrus adspersus,Tautogolabrus adspersus,Tautogolabrus adspersus,25,2,422.1073881
923401375,Canada,Newfoundland and Labrador,Northern Grand Banks - Southern Labrador,Arctic,Newfoundland,NFLD18,Bacon Cove,47.48194122,-53.16664886,20/08/2020,6,0101000020E6100000000000C054954AC000000040B0BD4740,RLS,3,14:50:00,47.48229,-53.16718,Jasmin Schuster,1,1,Chordata,Actinopterygii,Perciformes,Labridae,Tautogolabrus adspersus,Tautogolabrus adspersus,Tautogolabrus adspersus,Tautogolabrus adspersus,20,4,559.5305988
923401375,Canada,Newfoundland and Labrador,Northern Grand Banks - Southern Labrador,Arctic,Newfoundland,NFLD18,Bacon Cove,47.48194122,-53.16664886,20/08/2020,6,0101000020E6100000000000C054954AC000000040B0BD4740,RLS,3,14:50:00,47.48229,-53.16718,Jasmin Schuster,1,1,Chordata,Actinopterygii,Perciformes,Labridae,Tautogolabrus adspersus,Tautogolabrus adspersus,Tautogolabrus adspersus,Tautogolabrus adspersus,15,9,589.648503
923401375,Canada,Newfoundland and Labrador,Northern Grand Banks - Southern Labrador,Arctic,Newfoundland,NFLD18,Bacon Cove,47.48194122,-53.16664886,20/08/2020,6,0101000020E6100000000000C054954AC000000040B0BD4740,RLS,3,14:50:00,47.48229,-53.16718,Jasmin Schuster,1,1,Chordata,Actinopterygii,Perciformes,Labridae,Tautogolabrus adspersus,Tautogolabrus adspersus,Tautogolabrus adspersus,Tautogolabrus adspersus,12.5,6,230.032002
923401375,Canada,Newfoundland and Labrador,Northern Grand Banks - Southern Labrador,Arctic,Newfoundland,NFLD18,Bacon Cove,47.48194122,-53.16664886,20/08/2020,6,0101000020E6100000000000C054954AC000000040B0BD4740,RLS,3,14:50:00,47.48229,-53.16718,Jasmin Schuster,1,1,Chordata,Actinopterygii,Perciformes,Labridae,Tautogolabrus adspersus,Tautogolabrus adspersus,Tautogolabrus adspersus,Tautogolabrus adspersus,10,5,99.49207414
923401374,Canada,Newfoundland and Labrador,Northern Grand Banks - Southern Labrador,Arctic,Newfoundland,NFLD4,Portugal Cove,47.62729,-52.85769,16/09/2020,8,0101000020E61000009A0D32C9C86D4AC0CE8DE9094BD04740,RLS,8,11:30:00,47.62728,-52.85769,Jasmin Schuster,1,1,Cnidaria,Scyphozoa,Semaeostomeae,Cyaneidae,Cyanea capillata,Cyanea capillata,Cyanea capillata,Cyanea capillata,0,1,
923401374,Canada,Newfoundland and Labrador,Northern Grand Banks - Southern Labrador,Arctic,Newfoundland,NFLD4,Portugal Cove,47.62729,-52.85769,16/09/2020,8,0101000020E61000009A0D32C9C86D4AC0CE8DE9094BD04740,RLS,8,11:30:00,47.62728,-52.85769,Jasmin Schuster,1,2,Chordata,Actinopterygii,Perciformes,Labridae,Tautogolabrus adspersus,Tautogolabrus adspersus,Tautogolabrus adspersus,Tautogolabrus adspersus,10,2,39.79682966
923401374,Canada,Newfoundland and Labrador,Northern Grand Banks - Southern Labrador,Arctic,Newfoundland,NFLD4,Portugal Cove,47.62729,-52.85769,16/09/2020,8,0101000020E61000009A0D32C9C86D4AC0CE8DE9094BD04740,RLS,8,11:30:00,47.62728,-52.85769,Jasmin Schuster,1,2,Chordata,Actinopterygii,Perciformes,Labridae,Tautogolabrus adspersus,Tautogolabrus adspersus,Tautogolabrus adspersus,Tautogolabrus adspersus,7.5,2,17.08651646
923401373,Canada,Newfoundland and Labrador,Northern Grand Banks - Southern Labrador,Arctic,Newfoundland,NFLD13,Bauline,47.722559,-52.835218,21/09/2020,10,0101000020E6100000E983656CE86A4AC01A3735D07CDC4740,RLS,5,11:20:00,47.72256,-52.835217,Jasmin Schuster,1,1,Chordata,Actinopterygii,Perciformes,Labridae,Tautogolabrus adspersus,Tautogolabrus adspersus,Tautogolabrus adspersus,Tautogolabrus adspersus,10,2,39.79682966
923401373,Canada,Newfoundland and Labrador,Northern Grand Banks - Southern Labrador,Arctic,Newfoundland,NFLD13,Bauline,47.722559,-52.835218,21/09/2020,10,0101000020E6100000E983656CE86A4AC01A3735D07CDC4740,RLS,5,11:20:00,47.72256,-52.835217,Jasmin Schuster,1,1,Chordata,Actinopterygii,Perciformes,Labridae,Tautogolabrus adspersus,Tautogolabrus adspersus,Tautogolabrus adspersus,Tautogolabrus adspersus,25,1,211.0536941
923401373,Canada,Newfoundland and Labrador,Northern Grand Banks - Southern Labrador,Arctic,Newfoundland,NFLD13,Bauline,47.722559,-52.835218,21/09/2020,10,0101000020E6100000E983656CE86A4AC01A3735D07CDC4740,RLS,5,11:20:00,47.72256,-52.835217,Jasmin Schuster,1,1,Chordata,Actinopterygii,Perciformes,Labridae,Tautogolabrus adspersus,Tautogolabrus adspersus,Tautogolabrus adspersus,Tautogolabrus adspersus,20,1,139.8826497
923401373,Canada,Newfoundland and Labrador,Northern Grand Banks - Southern Labrador,Arctic,Newfoundland,NFLD13,Bauline,47.722559,-52.835218,21/09/2020,10,0101000020E6100000E983656CE86A4AC01A3735D07CDC4740,RLS,5,11:20:00,47.72256,-52.835217,Jasmin Schuster,1,1,Chordata,Actinopterygii,Perciformes,Labridae,Tautogolabrus adspersus,Tautogolabrus adspersus,Tautogolabrus adspersus,Tautogolabrus adspersus,15,5,327.5825017
923401373,Canada,Newfoundland and Labrador,Northern Grand Banks - Southern Labrador,Arctic,Newfoundland,NFLD13,Bauline,47.722559,-52.835218,21/09/2020,10,0101000020E6100000E983656CE86A4AC01A3735D07CDC4740,RLS,5,11:20:00,47.72256,-52.835217,Jasmin Schuster,1,1,Chordata,Actinopterygii,Perciformes,Labridae,Tautogolabrus adspersus,Tautogolabrus adspersus,Tautogolabrus adspersus,Tautogolabrus adspersus,12.5,2,76.67733399
923401373,Canada,Newfoundland and Labrador,Northern Grand Banks - Southern Labrador,Arctic,Newfoundland,NFLD13,Bauline,47.722559,-52.835218,21/09/2020,10,0101000020E6100000E983656CE86A4AC01A3735D07CDC4740,RLS,5,11:20:00,47.72256,-52.835217,Jasmin Schuster,1,2,Chordata,Actinopterygii,Scorpaeniformes,Cottidae,Myoxocephalus scorpius,Myoxocephalus scorpius,Myoxocephalus scorpius,Myoxocephalus scorpius,12.5,1,59.49488623
923401373,Canada,Newfoundland and Labrador,Northern Grand Banks - Southern Labrador,Arctic,Newfoundland,NFLD13,Bauline,47.722559,-52.835218,21/09/2020,10,0101000020E6100000E983656CE86A4AC01A3735D07CDC4740,RLS,5,11:20:00,47.72256,-52.835217,Jasmin Schuster,1,2,Chordata,Actinopterygii,Perciformes,Labridae,Tautogolabrus adspersus,Tautogolabrus adspersus,Tautogolabrus adspersus,Tautogolabrus adspersus,12.5,6,230.032002
923401373,Canada,Newfoundland and Labrador,Northern Grand Banks - Southern Labrador,Arctic,Newfoundland,NFLD13,Bauline,47.722559,-52.835218,21/09/2020,10,0101000020E6100000E983656CE86A4AC01A3735D07CDC4740,RLS,5,11:20:00,47.72256,-52.835217,Jasmin Schuster,1,2,Chordata,Actinopterygii,Perciformes,Labridae,Tautogolabrus adspersus,Tautogolabrus adspersus,Tautogolabrus adspersus,Tautogolabrus adspersus,10,5,99.49207414
923401373,Canada,Newfoundland and Labrador,Northern Grand Banks - Southern Labrador,Arctic,Newfoundland,NFLD13,Bauline,47.722559,-52.835218,21/09/2020,10,0101000020E6100000E983656CE86A4AC01A3735D07CDC4740,RLS,5,11:20:00,47.72256,-52.835217,Jasmin Schuster,1,2,Chordata,Actinopterygii,Perciformes,Labridae,Tautogolabrus adspersus,Tautogolabrus adspersus,Tautogolabrus adspersus,Tautogolabrus adspersus,7.5,3,25.62977469
923401373,Canada,Newfoundland and Labrador,Northern Grand Banks - Southern Labrador,Arctic,Newfoundland,NFLD13,Bauline,47.722559,-52.835218,21/09/2020,10,0101000020E6100000E983656CE86A4AC01A3735D07CDC4740,RLS,5,11:20:00,47.72256,-52.835217,Jasmin Schuster,1,2,Chordata,Actinopterygii,Perciformes,Labridae,Tautogolabrus adspersus,Tautogolabrus adspersus,Tautogolabrus adspersus,Tautogolabrus adspersus,30,1,305.6822776
923401373,Canada,Newfoundland and Labrador,Northern Grand Banks - Southern Labrador,Arctic,Newfoundland,NFLD13,Bauline,47.722559,-52.835218,21/09/2020,10,0101000020E6100000E983656CE86A4AC01A3735D07CDC4740,RLS,5,11:20:00,47.72256,-52.835217,Jasmin Schuster,1,2,Chordata,Actinopterygii,Perciformes,Labridae,Tautogolabrus adspersus,Tautogolabrus adspersus,Tautogolabrus adspersus,Tautogolabrus adspersus,25,3,633.1610822
923401373,Canada,Newfoundland and Labrador,Northern Grand Banks - Southern Labrador,Arctic,Newfoundland,NFLD13,Bauline,47.722559,-52.835218,21/09/2020,10,0101000020E6100000E983656CE86A4AC01A3735D07CDC4740,RLS,5,11:20:00,47.72256,-52.835217,Jasmin Schuster,1,2,Chordata,Actinopterygii,Perciformes,Labridae,Tautogolabrus adspersus,Tautogolabrus adspersus,Tautogolabrus adspersus,Tautogolabrus adspersus,15,5,327.5825017
923401373,Canada,Newfoundland and Labrador,Northern Grand Banks - Southern Labrador,Arctic,Newfoundland,NFLD13,Bauline,47.722559,-52.835218,21/09/2020,10,0101000020E6100000E983656CE86A4AC01A3735D07CDC4740,RLS,5,11:20:00,47.72256,-52.835217,Jasmin Schuster,1,2,Chordata,Actinopterygii,Perciformes,Labridae,Tautogolabrus adspersus,Tautogolabrus adspersus,Tautogolabrus adspersus,Tautogolabrus adspersus,20,4,559.5305988
923401372,Canada,Newfoundland and Labrador,Northern Grand Banks - Southern Labrador,Arctic,Newfoundland,NFLD17,Harbour Main Beach,47.44139862,-53.15700912,16/08/2020,11,0101000020E6100000000000E018944AC0000000C07FB84740,RLS,3,13:30:00,47.4414,-53.15701,Jasmin Schuster,1,1,Chordata,Actinopterygii,Pleuronectiformes,Pleuronectidae,Pseudopleuronectes americanus,Pseudopleuronectes americanus,Pseudopleuronectes americanus,Pseudopleuronectes americanus,35,1,427.3579725
923401372,Canada,Newfoundland and Labrador,Northern Grand Banks - Southern Labrador,Arctic,Newfoundland,NFLD17,Harbour Main Beach,47.44139862,-53.15700912,16/08/2020,11,0101000020E6100000000000E018944AC0000000C07FB84740,RLS,3,13:30:00,47.4414,-53.15701,Jasmin Schuster,1,1,Chordata,Actinopterygii,Pleuronectiformes,Pleuronectidae,Pseudopleuronectes americanus,Pseudopleuronectes americanus,Pseudopleuronectes americanus,Pseudopleuronectes americanus,30,2,641.0337027
923401372,Canada,Newfoundland and Labrador,Northern Grand Banks - Southern Labrador,Arctic,Newfoundland,NFLD17,Harbour Main Beach,47.44139862,-53.15700912,16/08/2020,11,0101000020E6100000000000E018944AC0000000C07FB84740,RLS,3,13:30:00,47.4414,-53.15701,Jasmin Schuster,1,2,Chordata,Actinopterygii,Pleuronectiformes,Pleuronectidae,Pseudopleuronectes americanus,Pseudopleuronectes americanus,Pseudopleuronectes americanus,Pseudopleuronectes americanus,25,1,229.794941
923401372,Canada,Newfoundland and Labrador,Northern Grand Banks - Southern Labrador,Arctic,Newfoundland,NFLD17,Harbour Main Beach,47.44139862,-53.15700912,16/08/2020,11,0101000020E6100000000000E018944AC0000000C07FB84740,RLS,3,13:30:00,47.4414,-53.15701,Jasmin Schuster,1,2,Chordata,Actinopterygii,Pleuronectiformes,Pleuronectidae,Pseudopleuronectes americanus,Pseudopleuronectes americanus,Pseudopleuronectes americanus,Pseudopleuronectes americanus,20,1,158.8123377
923401372,Canada,Newfoundland and Labrador,Northern Grand Banks - Southern Labrador,Arctic,Newfoundland,NFLD17,Harbour Main Beach,47.44139862,-53.15700912,16/08/2020,11,0101000020E6100000000000E018944AC0000000C07FB84740,RLS,3,13:30:00,47.4414,-53.15701,Jasmin Schuster,1,2,Chordata,Actinopterygii,Perciformes,Labridae,Tautogolabrus adspersus,Tautogolabrus adspersus,Tautogolabrus adspersus,Tautogolabrus adspersus,20,1,139.8826497
923401371,Canada,Newfoundland and Labrador,Northern Grand Banks - Southern Labrador,Arctic,Newfoundland,NFLD16,Tors Cove,47.21234131,-52.84495163,25/07/2020,5,0101000020E610000000000060276C4AC0000000002E9B4740,RLS,5,14:30:00,47.21234,-52.84495,Jasmin Schuster,1,1,Ochrophyta,Bacillariophyceae,Fragilariales,Fragilariaceae,Ctenophora spp.,Ctenophora spp.,Ctenophora ,Ctenophora ,0,1,
923401371,Canada,Newfoundland and Labrador,Northern Grand Banks - Southern Labrador,Arctic,Newfoundland,NFLD16,Tors Cove,47.21234131,-52.84495163,25/07/2020,5,0101000020E610000000000060276C4AC0000000002E9B4740,RLS,5,14:30:00,47.21234,-52.84495,Jasmin Schuster,1,1,Chordata,Actinopterygii,Gadiformes,Gadidae,Gadus morhua,Gadus morhua,Gadus morhua,Gadus morhua,2.5,2,0.42711662
923401371,Canada,Newfoundland and Labrador,Northern Grand Banks - Southern Labrador,Arctic,Newfoundland,NFLD16,Tors Cove,47.21234131,-52.84495163,25/07/2020,5,0101000020E610000000000060276C4AC0000000002E9B4740,RLS,5,14:30:00,47.21234,-52.84495,Jasmin Schuster,1,1,Chordata,Actinopterygii,Gadiformes,Gadidae,Gadus morhua,Gadus morhua,Gadus morhua,Gadus morhua,10,1,15.12330912
923401371,Canada,Newfoundland and Labrador,Northern Grand Banks - Southern Labrador,Arctic,Newfoundland,NFLD16,Tors Cove,47.21234131,-52.84495163,25/07/2020,5,0101000020E610000000000060276C4AC0000000002E9B4740,RLS,5,14:30:00,47.21234,-52.84495,Jasmin Schuster,1,1,Chordata,Actinopterygii,Gadiformes,Gadidae,Gadus morhua,Gadus morhua,Gadus morhua,Gadus morhua,7.5,3,18.74266515
923401371,Canada,Newfoundland and Labrador,Northern Grand Banks - Southern Labrador,Arctic,Newfoundland,NFLD16,Tors Cove,47.21234131,-52.84495163,25/07/2020,5,0101000020E610000000000060276C4AC0000000002E9B4740,RLS,5,14:30:00,47.21234,-52.84495,Jasmin Schuster,1,1,Chordata,Actinopterygii,Gadiformes,Gadidae,Gadus morhua,Gadus morhua,Gadus morhua,Gadus morhua,5,3,5.391416796
923401371,Canada,Newfoundland and Labrador,Northern Grand Banks - Southern Labrador,Arctic,Newfoundland,NFLD16,Tors Cove,47.21234131,-52.84495163,25/07/2020,5,0101000020E610000000000060276C4AC0000000002E9B4740,RLS,5,14:30:00,47.21234,-52.84495,Jasmin Schuster,1,1,Chordata,Actinopterygii,Scorpaeniformes,Cottidae,Myoxocephalus scorpius,Myoxocephalus scorpius,Myoxocephalus scorpius,Myoxocephalus scorpius,10,1,29.63007548
923401371,Canada,Newfoundland and Labrador,Northern Grand Banks - Southern Labrador,Arctic,Newfoundland,NFLD16,Tors Cove,47.21234131,-52.84495163,25/07/2020,5,0101000020E610000000000060276C4AC0000000002E9B4740,RLS,5,14:30:00,47.21234,-52.84495,Jasmin Schuster,1,1,Chordata,Actinopterygii,Perciformes,Labridae,Tautogolabrus adspersus,Tautogolabrus adspersus,Tautogolabrus adspersus,Tautogolabrus adspersus,20,1,139.8826497
923401371,Canada,Newfoundland and Labrador,Northern Grand Banks - Southern Labrador,Arctic,Newfoundland,NFLD16,Tors Cove,47.21234131,-52.84495163,25/07/2020,5,0101000020E610000000000060276C4AC0000000002E9B4740,RLS,5,14:30:00,47.21234,-52.84495,Jasmin Schuster,1,1,Chordata,Actinopterygii,Perciformes,Stichaeidae,Ulvaria subbifurcata,Ulvaria subbifurcata,Ulvaria subbifurcata,Ulvaria subbifurcata,12.5,1,
923401371,Canada,Newfoundland and Labrador,Northern Grand Banks - Southern Labrador,Arctic,Newfoundland,NFLD16,Tors Cove,47.21234131,-52.84495163,25/07/2020,5,0101000020E610000000000060276C4AC0000000002E9B4740,RLS,5,14:30:00,47.21234,-52.84495,Jasmin Schuster,1,2,Chordata,Actinopterygii,Gadiformes,Gadidae,Gadus morhua,Gadus morhua,Gadus morhua,Gadus morhua,7.5,4,24.9902202
923401371,Canada,Newfoundland and Labrador,Northern Grand Banks - Southern Labrador,Arctic,Newfoundland,NFLD16,Tors Cove,47.21234131,-52.84495163,25/07/2020,5,0101000020E610000000000060276C4AC0000000002E9B4740,RLS,5,14:30:00,47.21234,-52.84495,Jasmin Schuster,1,2,Chordata,Actinopterygii,Gadiformes,Gadidae,Gadus morhua,Gadus morhua,Gadus morhua,Gadus morhua,5,1,1.797138932
923401371,Canada,Newfoundland and Labrador,Northern Grand Banks - Southern Labrador,Arctic,Newfoundland,NFLD16,Tors Cove,47.21234131,-52.84495163,25/07/2020,5,0101000020E610000000000060276C4AC0000000002E9B4740,RLS,5,14:30:00,47.21234,-52.84495,Jasmin Schuster,1,2,Chordata,Actinopterygii,Gadiformes,Gadidae,Gadus morhua,Gadus morhua,Gadus morhua,Gadus morhua,10,2,30.24661824
923401370,Canada,Newfoundland and Labrador,Northern Grand Banks - Southern Labrador,Arctic,Newfoundland,NFLD16,Tors Cove,47.21234131,-52.84495163,25/07/2020,5.5,0101000020E610000000000060276C4AC0000000002E9B4740,RLS,5,12:00:00,47.21234,-52.84495,Jasmin Schuster,1,1,Chordata,Actinopterygii,Gadiformes,Gadidae,Gadus morhua,Gadus morhua,Gadus morhua,Gadus morhua,12.5,1,30.02280733
923401370,Canada,Newfoundland and Labrador,Northern Grand Banks - Southern Labrador,Arctic,Newfoundland,NFLD16,Tors Cove,47.21234131,-52.84495163,25/07/2020,5.5,0101000020E610000000000060276C4AC0000000002E9B4740,RLS,5,12:00:00,47.21234,-52.84495,Jasmin Schuster,1,1,Chordata,Actinopterygii,Gadiformes,Gadidae,Gadus morhua,Gadus morhua,Gadus morhua,Gadus morhua,5,3,5.391416796
923401370,Canada,Newfoundland and Labrador,Northern Grand Banks - Southern Labrador,Arctic,Newfoundland,NFLD16,Tors Cove,47.21234131,-52.84495163,25/07/2020,5.5,0101000020E610000000000060276C4AC0000000002E9B4740,RLS,5,12:00:00,47.21234,-52.84495,Jasmin Schuster,1,1,Chordata,Actinopterygii,Gadiformes,Gadidae,Gadus morhua,Gadus morhua,Gadus morhua,Gadus morhua,7.5,6,37.4853303
923401370,Canada,Newfoundland and Labrador,Northern Grand Banks - Southern Labrador,Arctic,Newfoundland,NFLD16,Tors Cove,47.21234131,-52.84495163,25/07/2020,5.5,0101000020E610000000000060276C4AC0000000002E9B4740,RLS,5,12:00:00,47.21234,-52.84495,Jasmin Schuster,1,1,Chordata,Actinopterygii,Gadiformes,Gadidae,Gadus morhua,Gadus morhua,Gadus morhua,Gadus morhua,10,3,45.36992736
923401370,Canada,Newfoundland and Labrador,Northern Grand Banks - Southern Labrador,Arctic,Newfoundland,NFLD16,Tors Cove,47.21234131,-52.84495163,25/07/2020,5.5,0101000020E610000000000060276C4AC0000000002E9B4740,RLS,5,12:00:00,47.21234,-52.84495,Jasmin Schuster,1,1,Chordata,Actinopterygii,Perciformes,Pholidae,Pholis gunnellus,Pholis gunnellus,Pholis gunnellus,Pholis gunnellus,7.5,1,3.261161819
923401370,Canada,Newfoundland and Labrador,Northern Grand Banks - Southern Labrador,Arctic,Newfoundland,NFLD16,Tors Cove,47.21234131,-52.84495163,25/07/2020,5.5,0101000020E610000000000060276C4AC0000000002E9B4740,RLS,5,12:00:00,47.21234,-52.84495,Jasmin Schuster,1,1,Chordata,Actinopterygii,Perciformes,Stichaeidae,Ulvaria subbifurcata,Ulvaria subbifurcata,Ulvaria subbifurcata,Ulvaria subbifurcata,5,2,
923401370,Canada,Newfoundland and Labrador,Northern Grand Banks - Southern Labrador,Arctic,Newfoundland,NFLD16,Tors Cove,47.21234131,-52.84495163,25/07/2020,5.5,0101000020E610000000000060276C4AC0000000002E9B4740,RLS,5,12:00:00,47.21234,-52.84495,Jasmin Schuster,1,2,Chordata,Actinopterygii,Osmeriformes,Osmeridae,Mallotus villosus,Mallotus villosus,Mallotus villosus,Mallotus villosus,20,50000,
923401370,Canada,Newfoundland and Labrador,Northern Grand Banks - Southern Labrador,Arctic,Newfoundland,NFLD16,Tors Cove,47.21234131,-52.84495163,25/07/2020,5.5,0101000020E610000000000060276C4AC0000000002E9B4740,RLS,5,12:00:00,47.21234,-52.84495,Jasmin Schuster,1,2,Chordata,Actinopterygii,Pleuronectiformes,Pleuronectidae,Pseudopleuronectes americanus,Pseudopleuronectes americanus,Pseudopleuronectes americanus,Pseudopleuronectes americanus,7.5,1,12.89035363
923401370,Canada,Newfoundland and Labrador,Northern Grand Banks - Southern Labrador,Arctic,Newfoundland,NFLD16,Tors Cove,47.21234131,-52.84495163,25/07/2020,5.5,0101000020E610000000000060276C4AC0000000002E9B4740,RLS,5,12:00:00,47.21234,-52.84495,Jasmin Schuster,1,2,Chordata,Actinopterygii,Perciformes,Stichaeidae,Ulvaria subbifurcata,Ulvaria subbifurcata,Ulvaria subbifurcata,Ulvaria subbifurcata,10,1,
923401369,Canada,Newfoundland and Labrador,Northern Grand Banks - Southern Labrador,Arctic,Newfoundland,NFLD12,Biscayan Cove,47.803726,-52.787438,26/07/2020,7,0101000020E610000057D0B4C4CA644AC0F2785A7EE0E64740,RLS,6,14:30:00,47.80405,-52.78637,Jasmin Schuster,1,1,Chordata,Actinopterygii,Gadiformes,Gadidae,Gadus morhua,Gadus morhua,Gadus morhua,Gadus morhua,5,40,71.88555728
923401369,Canada,Newfoundland and Labrador,Northern Grand Banks - Southern Labrador,Arctic,Newfoundland,NFLD12,Biscayan Cove,47.803726,-52.787438,26/07/2020,7,0101000020E610000057D0B4C4CA644AC0F2785A7EE0E64740,RLS,6,14:30:00,47.80405,-52.78637,Jasmin Schuster,1,2,Chordata,Actinopterygii,Pleuronectiformes,Pleuronectidae,Pseudopleuronectes americanus,Pseudopleuronectes americanus,Pseudopleuronectes americanus,Pseudopleuronectes americanus,35,1,427.3579725
923401368,Canada,Newfoundland and Labrador,Northern Grand Banks - Southern Labrador,Arctic,Newfoundland,NFLD12,Biscayan Cove,47.803726,-52.787438,26/07/2020,6,0101000020E610000057D0B4C4CA644AC0F2785A7EE0E64740,RLS,6,12:20:00,47.803726,-52.787437,Jasmin Schuster,1,2,Chordata,Actinopterygii,Gadiformes,Gadidae,Gadus morhua,Gadus morhua,Gadus morhua,Gadus morhua,5,14,25.15994505
923401368,Canada,Newfoundland and Labrador,Northern Grand Banks - Southern Labrador,Arctic,Newfoundland,NFLD12,Biscayan Cove,47.803726,-52.787438,26/07/2020,6,0101000020E610000057D0B4C4CA644AC0F2785A7EE0E64740,RLS,6,12:20:00,47.803726,-52.787437,Jasmin Schuster,1,2,Chordata,Actinopterygii,Scorpaeniformes,Cottidae,Myoxocephalus scorpius,Myoxocephalus scorpius,Myoxocephalus scorpius,Myoxocephalus scorpius,35,1,759.8264409
923401366,Canada,Newfoundland and Labrador,Gulf of St. Lawrence - Eastern Scotian Shelf,Temperate Northern Atlantic,Newfoundland,NFLD20,Love Shack,49.51448059,-57.91873169,24/08/2020,3.5,0101000020E61000000000000099F54CC000000080DAC14840,RLS,,11:00:00,49.51448,-57.91873,Amanda Bates,1,1,Chordata,Actinopterygii,Scorpaeniformes,Cottidae,Myoxocephalus spp.,Myoxocephalus spp.,Myoxocephalus spp.,Myoxocephalus spp.,10,1,
923401366,Canada,Newfoundland and Labrador,Gulf of St. Lawrence - Eastern Scotian Shelf,Temperate Northern Atlantic,Newfoundland,NFLD20,Love Shack,49.51448059,-57.91873169,24/08/2020,3.5,0101000020E61000000000000099F54CC000000080DAC14840,RLS,,11:00:00,49.51448,-57.91873,Amanda Bates,1,1,Chordata,Actinopterygii,Perciformes,Labridae,Tautogolabrus adspersus,Tautogolabrus adspersus,Tautogolabrus adspersus,Tautogolabrus adspersus,2.5,42,14.21063407
923401366,Canada,Newfoundland and Labrador,Gulf of St. Lawrence - Eastern Scotian Shelf,Temperate Northern Atlantic,Newfoundland,NFLD20,Love Shack,49.51448059,-57.91873169,24/08/2020,3.5,0101000020E61000000000000099F54CC000000080DAC14840,RLS,,11:00:00,49.51448,-57.91873,Amanda Bates,1,1,Chordata,Actinopterygii,Perciformes,Labridae,Tautogolabrus adspersus,Tautogolabrus adspersus,Tautogolabrus adspersus,Tautogolabrus adspersus,5,2,5.189449845
923401366,Canada,Newfoundland and Labrador,Gulf of St. Lawrence - Eastern Scotian Shelf,Temperate Northern Atlantic,Newfoundland,NFLD20,Love Shack,49.51448059,-57.91873169,24/08/2020,3.5,0101000020E61000000000000099F54CC000000080DAC14840,RLS,,11:00:00,49.51448,-57.91873,Amanda Bates,1,1,Chordata,Actinopterygii,Perciformes,Labridae,Tautogolabrus adspersus,Tautogolabrus adspersus,Tautogolabrus adspersus,Tautogolabrus adspersus,7.5,5,42.71629115
923401366,Canada,Newfoundland and Labrador,Gulf of St. Lawrence - Eastern Scotian Shelf,Temperate Northern Atlantic,Newfoundland,NFLD20,Love Shack,49.51448059,-57.91873169,24/08/2020,3.5,0101000020E61000000000000099F54CC000000080DAC14840,RLS,,11:00:00,49.51448,-57.91873,Amanda Bates,1,2,Chordata,Actinopterygii,Scorpaeniformes,Cottidae,Myoxocephalus spp.,Myoxocephalus spp.,Myoxocephalus spp.,Myoxocephalus spp.,10,1,
923401366,Canada,Newfoundland and Labrador,Gulf of St. Lawrence - Eastern Scotian Shelf,Temperate Northern Atlantic,Newfoundland,NFLD20,Love Shack,49.51448059,-57.91873169,24/08/2020,3.5,0101000020E61000000000000099F54CC000000080DAC14840,RLS,,11:00:00,49.51448,-57.91873,Amanda Bates,1,2,Chordata,Actinopterygii,Perciformes,Labridae,Tautogolabrus adspersus,Tautogolabrus adspersus,Tautogolabrus adspersus,Tautogolabrus adspersus,2.5,62,20.97760268
923401366,Canada,Newfoundland and Labrador,Gulf of St. Lawrence - Eastern Scotian Shelf,Temperate Northern Atlantic,Newfoundland,NFLD20,Love Shack,49.51448059,-57.91873169,24/08/2020,3.5,0101000020E61000000000000099F54CC000000080DAC14840,RLS,,11:00:00,49.51448,-57.91873,Amanda Bates,1,2,Chordata,Actinopterygii,Perciformes,Labridae,Tautogolabrus adspersus,Tautogolabrus adspersus,Tautogolabrus adspersus,Tautogolabrus adspersus,12.5,1,38.33866699
923401366,Canada,Newfoundland and Labrador,Gulf of St. Lawrence - Eastern Scotian Shelf,Temperate Northern Atlantic,Newfoundland,NFLD20,Love Shack,49.51448059,-57.91873169,24/08/2020,3.5,0101000020E61000000000000099F54CC000000080DAC14840,RLS,,11:00:00,49.51448,-57.91873,Amanda Bates,1,2,Chordata,Actinopterygii,Perciformes,Labridae,Tautogolabrus adspersus,Tautogolabrus adspersus,Tautogolabrus adspersus,Tautogolabrus adspersus,10,6,119.390489
923401366,Canada,Newfoundland and Labrador,Gulf of St. Lawrence - Eastern Scotian Shelf,Temperate Northern Atlantic,Newfoundland,NFLD20,Love Shack,49.51448059,-57.91873169,24/08/2020,3.5,0101000020E61000000000000099F54CC000000080DAC14840,RLS,,11:00:00,49.51448,-57.91873,Amanda Bates,1,2,Chordata,Actinopterygii,Perciformes,Labridae,Tautogolabrus adspersus,Tautogolabrus adspersus,Tautogolabrus adspersus,Tautogolabrus adspersus,7.5,7,59.80280761
923401366,Canada,Newfoundland and Labrador,Gulf of St. Lawrence - Eastern Scotian Shelf,Temperate Northern Atlantic,Newfoundland,NFLD20,Love Shack,49.51448059,-57.91873169,24/08/2020,3.5,0101000020E61000000000000099F54CC000000080DAC14840,RLS,,11:00:00,49.51448,-57.91873,Amanda Bates,1,2,Chordata,Actinopterygii,Perciformes,Labridae,Tautogolabrus adspersus,Tautogolabrus adspersus,Tautogolabrus adspersus,Tautogolabrus adspersus,5,7,18.16307446
923401365,Canada,Newfoundland and Labrador,Gulf of St. Lawrence - Eastern Scotian Shelf,Temperate Northern Atlantic,Newfoundland,NFLD20,Love Shack,49.51448059,-57.91873169,24/08/2020,3.6,0101000020E61000000000000099F54CC000000080DAC14840,RLS,,12:00:00,49.51448,-57.91873,Amanda Bates,1,1,Chordata,Actinopterygii,Scorpaeniformes,Cottidae,Myoxocephalus spp.,Myoxocephalus spp.,Myoxocephalus spp.,Myoxocephalus spp.,7.5,1,
923401365,Canada,Newfoundland and Labrador,Gulf of St. Lawrence - Eastern Scotian Shelf,Temperate Northern Atlantic,Newfoundland,NFLD20,Love Shack,49.51448059,-57.91873169,24/08/2020,3.6,0101000020E61000000000000099F54CC000000080DAC14840,RLS,,12:00:00,49.51448,-57.91873,Amanda Bates,1,1,Chordata,Actinopterygii,Perciformes,Labridae,Tautogolabrus adspersus,Tautogolabrus adspersus,Tautogolabrus adspersus,Tautogolabrus adspersus,2.5,50,16.91742151
923401365,Canada,Newfoundland and Labrador,Gulf of St. Lawrence - Eastern Scotian Shelf,Temperate Northern Atlantic,Newfoundland,NFLD20,Love Shack,49.51448059,-57.91873169,24/08/2020,3.6,0101000020E61000000000000099F54CC000000080DAC14840,RLS,,12:00:00,49.51448,-57.91873,Amanda Bates,1,1,Chordata,Actinopterygii,Perciformes,Labridae,Tautogolabrus adspersus,Tautogolabrus adspersus,Tautogolabrus adspersus,Tautogolabrus adspersus,10,1,19.89841483
923401365,Canada,Newfoundland and Labrador,Gulf of St. Lawrence - Eastern Scotian Shelf,Temperate Northern Atlantic,Newfoundland,NFLD20,Love Shack,49.51448059,-57.91873169,24/08/2020,3.6,0101000020E61000000000000099F54CC000000080DAC14840,RLS,,12:00:00,49.51448,-57.91873,Amanda Bates,1,1,Chordata,Actinopterygii,Perciformes,Labridae,Tautogolabrus adspersus,Tautogolabrus adspersus,Tautogolabrus adspersus,Tautogolabrus adspersus,7.5,5,42.71629115
923401365,Canada,Newfoundland and Labrador,Gulf of St. Lawrence - Eastern Scotian Shelf,Temperate Northern Atlantic,Newfoundland,NFLD20,Love Shack,49.51448059,-57.91873169,24/08/2020,3.6,0101000020E61000000000000099F54CC000000080DAC14840,RLS,,12:00:00,49.51448,-57.91873,Amanda Bates,1,1,Chordata,Actinopterygii,Perciformes,Labridae,Tautogolabrus adspersus,Tautogolabrus adspersus,Tautogolabrus adspersus,Tautogolabrus adspersus,5,7,18.16307446
923401365,Canada,Newfoundland and Labrador,Gulf of St. Lawrence - Eastern Scotian Shelf,Temperate Northern Atlantic,Newfoundland,NFLD20,Love Shack,49.51448059,-57.91873169,24/08/2020,3.6,0101000020E61000000000000099F54CC000000080DAC14840,RLS,,12:00:00,49.51448,-57.91873,Amanda Bates,1,2,Chordata,Actinopterygii,Perciformes,Labridae,Tautogolabrus adspersus,Tautogolabrus adspersus,Tautogolabrus adspersus,Tautogolabrus adspersus,2.5,58,19.62420896
923401365,Canada,Newfoundland and Labrador,Gulf of St. Lawrence - Eastern Scotian Shelf,Temperate Northern Atlantic,Newfoundland,NFLD20,Love Shack,49.51448059,-57.91873169,24/08/2020,3.6,0101000020E61000000000000099F54CC000000080DAC14840,RLS,,12:00:00,49.51448,-57.91873,Amanda Bates,1,2,Chordata,Actinopterygii,Perciformes,Labridae,Tautogolabrus adspersus,Tautogolabrus adspersus,Tautogolabrus adspersus,Tautogolabrus adspersus,10,3,59.69524449
923401365,Canada,Newfoundland and Labrador,Gulf of St. Lawrence - Eastern Scotian Shelf,Temperate Northern Atlantic,Newfoundland,NFLD20,Love Shack,49.51448059,-57.91873169,24/08/2020,3.6,0101000020E61000000000000099F54CC000000080DAC14840,RLS,,12:00:00,49.51448,-57.91873,Amanda Bates,1,2,Chordata,Actinopterygii,Perciformes,Labridae,Tautogolabrus adspersus,Tautogolabrus adspersus,Tautogolabrus adspersus,Tautogolabrus adspersus,12.5,1,38.33866699
923401365,Canada,Newfoundland and Labrador,Gulf of St. Lawrence - Eastern Scotian Shelf,Temperate Northern Atlantic,Newfoundland,NFLD20,Love Shack,49.51448059,-57.91873169,24/08/2020,3.6,0101000020E61000000000000099F54CC000000080DAC14840,RLS,,12:00:00,49.51448,-57.91873,Amanda Bates,1,2,Chordata,Actinopterygii,Perciformes,Labridae,Tautogolabrus adspersus,Tautogolabrus adspersus,Tautogolabrus adspersus,Tautogolabrus adspersus,7.5,22,187.9516811
923401365,Canada,Newfoundland and Labrador,Gulf of St. Lawrence - Eastern Scotian Shelf,Temperate Northern Atlantic,Newfoundland,NFLD20,Love Shack,49.51448059,-57.91873169,24/08/2020,3.6,0101000020E61000000000000099F54CC000000080DAC14840,RLS,,12:00:00,49.51448,-57.91873,Amanda Bates,1,2,Chordata,Actinopterygii,Perciformes,Labridae,Tautogolabrus adspersus,Tautogolabrus adspersus,Tautogolabrus adspersus,Tautogolabrus adspersus,5,31,80.43647259
923401364,Canada,Newfoundland and Labrador,Northern Grand Banks - Southern Labrador,Arctic,Newfoundland,NFLD10,Admirals Cove,47.094841,-52.90504074,9/08/2020,11,0101000020E610000000000060D8734AC0000000C0238C4740,RLS,6,13:30:00,47.09484,-52.90504,Jasmin Schuster,1,1,Chordata,Actinopterygii,Perciformes,Stichaeidae,Ulvaria subbifurcata,Ulvaria subbifurcata,Ulvaria subbifurcata,Ulvaria subbifurcata,7.5,1,
923401364,Canada,Newfoundland and Labrador,Northern Grand Banks - Southern Labrador,Arctic,Newfoundland,NFLD10,Admirals Cove,47.094841,-52.90504074,9/08/2020,11,0101000020E610000000000060D8734AC0000000C0238C4740,RLS,6,13:30:00,47.09484,-52.90504,Jasmin Schuster,1,2,Chordata,Actinopterygii,Gadiformes,Gadidae,Gadus morhua,Gadus morhua,Gadus morhua,Gadus morhua,15,1,52.57451419
923401364,Canada,Newfoundland and Labrador,Northern Grand Banks - Southern Labrador,Arctic,Newfoundland,NFLD10,Admirals Cove,47.094841,-52.90504074,9/08/2020,11,0101000020E610000000000060D8734AC0000000C0238C4740,RLS,6,13:30:00,47.09484,-52.90504,Jasmin Schuster,1,2,Chordata,Actinopterygii,Gadiformes,Gadidae,Gadus morhua,Gadus morhua,Gadus morhua,Gadus morhua,10,1,15.12330912
923401363,Canada,Newfoundland and Labrador,Northern Grand Banks - Southern Labrador,Arctic,Newfoundland,NFLD10,Admirals Cove,47.094841,-52.90504074,9/08/2020,5,0101000020E610000000000060D8734AC0000000C0238C4740,RLS,6,16:15:00,47.09583,-52.90603,Jasmin Schuster,1,1,Chordata,Actinopterygii,Pleuronectiformes,Pleuronectidae,Pseudopleuronectes americanus,Pseudopleuronectes americanus,Pseudopleuronectes americanus,Pseudopleuronectes americanus,15,1,80.34965577
